data,query url,totale risultati,costo in USD,query words
2026-08-24T16:27:51.182701,https://www.istat.it/comunicato-stampa/occupati-e-disoccupati-dati-provvisori-giugno-2026/,26,0.12,1091
2026-08-24T16:27:53.009273,https://www.istat.it/comunicato-stampa/prezzi-al-consumo-dati-provvisori-luglio-2026/,45,0.13,1157
2026-08-24T16:27:54.328937,https://www.istat.it/comunicato-stampa/prezzi-al-consumo-luglio-2026/,54,0.13,1211
2026-08-24T16:27:55.667332,https://www.istat.it/comunicato-stampa/produzione-industriale-giugno-2026/,25,0.12,1036
2026-09-17T11:21:03.231064,https://www.istat.it/comunicato-stampa/occupati-e-disoccupati-dati-provvisori-giugno-2026/,26,0.05,395
2026-09-17T11:21:04.804256,https://www.istat.it/comunicato-stampa/prezzi-al-consumo-dati-provvisori-luglio-2026/,57,0.06,451
2026-09-17T11:21:06.493728,https://www.istat.it/comunicato-stampa/prezzi-al-consumo-luglio-2026/,49,0.06,502
2026-09-17T11:21:08.159519,https://www.istat.it/comunicato-stampa/produzione-industriale-giugno-2026/,31,0.05,330
2026-09-17T15:06:49.409064,https://www.istat.it/comunicato-stampa/occupati-e-disoccupati-dati-provvisori-giugno-2026/,26,0.05,395
2026-09-17T15:06:51.093078,https://www.istat.it/comunicato-stampa/prezzi-al-consumo-dati-provvisori-luglio-2026/,56,0.06,451
2026-09-17T15:06:53.107924,https://www.istat.it/comunicato-stampa/prezzi-al-consumo-luglio-2026/,51,0.06,502
2026-09-17T15:06:54.797928,https://www.istat.it/comunicato-stampa/produzione-industriale-giugno-2026/,32,0.05,330
2026-09-17T20:37:41.110789,https://www.istat.it/comunicato-stampa/occupati-e-disoccupati-dati-provvisori-giugno-2026/,28,0.05,395
2026-09-17T20:37:42.727414,https://www.istat.it/comunicato-stampa/prezzi-al-consumo-dati-provvisori-luglio-2026/,55,0.06,451
2026-09-17T20:37:44.374646,https://www.istat.it/comunicato-stampa/prezzi-al-consumo-luglio-2026/,51,0.06,502
2026-09-17T20:37:45.977535,https://www.istat.it/comunicato-stampa/produzione-industriale-giugno-2026/,33,0.05,330
