Index,data,codice,id_hash,URL,Title,Min Words Matched,Percent Matched,Words Matched (Full),Text Snippet,View URL
1,2026-09-10T17:09:17.450253,OCCDISPROGIU2026,74be3b8beb34752637237ef85d70d850fddfd66b58247b637349562242eec3bf,https://www.confael.net/primo-piano/istat-a-giugno-la-disoccupazione-sale-al-54/,"Istat, a giugno la disoccupazione sale al 5,4% - Confael",44,,,"... La stabilità degli occupati è sintesi dell'aumento tra gli uomini, i dipendenti a termine, i 25-34enni e chi ha almeno 50 anni, e del calo ... milioni 277mila). L'occupazione cresce rispetto a giugno 2025 (+131mila occupati in un anno) per effetto dell'aumento dei dipendenti ",https://eview.copyscape.com/compare/woug6hs733/1
2,2026-09-10T17:09:17.450253,OCCDISPROGIU2026,74be3b8beb34752637237ef85d70d850fddfd66b58247b637349562242eec3bf,https://www.lavorosi.it/istat-occupati-stabili-a-luglio-307mila-disoccupazione-cala-al-58,"Istat: occupati stabili a luglio +307mila. Disoccupazione cala al 5,8% - Lavorosì",32,,,"... A luglio 2026, la crescita del numero di occupati rispetto a luglio 2025 (+1,3%, +307mila unità) interessa  gli uomini, le donne, i 25-34enni e coloro che hanno  almeno 50 anni; tra i 15-24enni e i 35-49enni, invece, gli occupati diminuiscono.",https://eview.copyscape.com/compare/woug6hs733/2
3,2026-09-10T17:09:17.450253,OCCDISPROGIU2026,74be3b8beb34752637237ef85d70d850fddfd66b58247b637349562242eec3bf,https://formatresearch.com/2026/07/30/occupati-e-disoccupati-istat-giugno-2026-dati-provvisori/,Occupati e disoccupati | ISTAT - Giugno 2026 (dati provvisori),26,,,"... La stabilità degli occupati è sintesi dell'aumento tra gli uomini, i dipendenti a termine, i 25-34enni e chi ha almeno 50 anni, e del calo ",https://eview.copyscape.com/compare/woug6hs733/3
4,2026-09-10T17:09:17.450253,OCCDISPROGIU2026,74be3b8beb34752637237ef85d70d850fddfd66b58247b637349562242eec3bf,https://www.mysolution.it/lavoro/informazioni/news/2026/09/02/pubblicata-dallistat-la-nota-metodologica-di-occupati-e-disoccupati-di-luglio-2026/,Pubblicata la nota metodologica di occupati e disoccupati di luglio ...,20,,,"... La stabilità degli occupati è sintesi dell'aumento tra gli uomini, i dipendenti permanenti, gli autonomi e i 35-49enni  e del calo tra le donne, i dipendenti ",https://eview.copyscape.com/compare/woug6hs733/4
5,2026-09-10T17:09:17.450253,OCCDISPROGIU2026,74be3b8beb34752637237ef85d70d850fddfd66b58247b637349562242eec3bf,https://www.agenziaentrate.gov.it/portale/documents/d/guest/statisticheomi_res_iv_2025,RESIDENZIALE 4 | 2025 Il mercato delle abitazioni nel IV trimestre 2025,20,,,"... In Italia (fonte ISTAT5), a dicembre 2025, su base mensile, rileva il calo degli occupati e dei · disoccupati associato alla crescita  degli inattivi. La diminuzione degli occupati (-0,1%, pari a -20mila unità) coinvolge  gli uomini, i dipendenti · a termine, i 25-34enni ... e i 35-49enni; il numero ",https://eview.copyscape.com/compare/woug6hs733/5
6,2026-09-10T17:09:17.450253,OCCDISPROGIU2026,74be3b8beb34752637237ef85d70d850fddfd66b58247b637349562242eec3bf,https://www.ore12.net/lavoro-istat-tasso-disoccupazione-cala-al-58-a-luglio-giovanile-sale-al-189/,"Lavoro: Istat, tasso disoccupazione cala al 5,8% a luglio, giovanile ...",19,,,"... Istat comunica che la stabilità degli occupati è sintesi dell'aumento tra gli uomini, ... i dipendenti permanenti, gli autonomi ... e i 35-49enni e ",https://eview.copyscape.com/compare/woug6hs733/6
7,2026-09-10T17:09:17.450253,OCCDISPROGIU2026,74be3b8beb34752637237ef85d70d850fddfd66b58247b637349562242eec3bf,https://tg24.sky.it/economia/2026/07/30/lavoro-disoccupazione-giugno-istat,"Lavoro, disoccupazione sale al 5,7%, quella giovanile al 18,4%. I dati",18,,,"... milioni 277mila)"". L'occupazione ""cresce rispetto a giugno 2025 ... per effetto dell'aumento dei dipendenti, permanenti (+98mila) e a termine (+ ",https://eview.copyscape.com/compare/woug6hs733/7
8,2026-09-10T17:09:17.450253,OCCDISPROGIU2026,74be3b8beb34752637237ef85d70d850fddfd66b58247b637349562242eec3bf,https://www.dottrinalavoro.it/notizie-c/istat-occupati-e-disoccupati-giugno-2026-2,ISTAT: Occupati e Disoccupati – Luglio 2026 | Dottrina Per il Lavoro,17,,,"... La stabilità degli occupati è sintesi dell'aumento tra gli uomini, i dipendenti permanenti, gli autonomi e i 35-49enni  e del calo tra le ",https://eview.copyscape.com/compare/woug6hs733/8
9,2026-09-10T17:09:17.450253,OCCDISPROGIU2026,74be3b8beb34752637237ef85d70d850fddfd66b58247b637349562242eec3bf,https://www.ilsole24ore.com/art/lavoro-istat-luglio-tasso-disoccupazione-cala-58percento-AJUCfI0,"Lavoro: Istat, a luglio tasso di disoccupazione cala al 5,8%",17,,,"... La stabilità degli occupati è sintesi dell'aumento tra gli uomini, i dipendenti permanenti, gli autonomi e i 35-49enni  e del calo tra le ",https://eview.copyscape.com/compare/woug6hs733/9
10,2026-09-10T17:09:17.450253,OCCDISPROGIU2026,74be3b8beb34752637237ef85d70d850fddfd66b58247b637349562242eec3bf,https://formatresearch.com/2026/09/01/occupati-e-disoccupati-istat-luglio-2026-dati-provvisori/,Occupati e disoccupati | ISTAT - Luglio 2026 (dati provvisori),17,,,"... La stabilità degli occupati è sintesi dell'aumento tra gli uomini, i dipendenti permanenti, gli autonomi e i 35-49enni  e del calo tra le ",https://eview.copyscape.com/compare/woug6hs733/10
11,2026-09-10T17:09:18.774269,OCCDISPROLUG2026,67862c6615025739a807cb1ea37ad285591a56fc9039c31c62e5e1eae9b60aba,https://formatresearch.com/2026/09/01/occupati-e-disoccupati-istat-luglio-2026-dati-provvisori/,Occupati e disoccupati | ISTAT - Luglio 2026 (dati provvisori),63,,,"... A luglio 2026, su base mensile, il numero degli occupati rimane stabile e si associa alla diminuzione dei disoccupati e degli inattivi. La stabilità degli occupati è sintesi dell'aumento tra gli uomini, i dipendenti permanenti, gli autonomi ... Tra i 15-24enni e i 35-49enni, invece, gli occupati diminuiscono. Su base annua il tasso di occupazione aumenta di 0,8 punti. Rispetto a ",https://eview.copyscape.com/compare/he8zvvn3dt/1
12,2026-09-10T17:09:18.774269,OCCDISPROLUG2026,67862c6615025739a807cb1ea37ad285591a56fc9039c31c62e5e1eae9b60aba,https://www.bollettinoadapt.it/wp-content/uploads/2026/09/CS_Occupati-e-disoccupati_LUGLIO_2026.pdf,UFFICIO STAMPA tel. +39 06 4673.2243/44 ufficiostampa@istat.it CONTACT CENTRE,51,,,"... La stabilità degli occupati è sintesi dell'aumento tra gli uomini, i dipendenti permanenti, gli autonomi e i 35- 49enni e del calo tra le donne, i dipendenti a termine e tutte le altre classi d'età. Il tasso di occupazione è ... Il calo delle persone in cerca di lavoro (-1,1%, pari ",https://eview.copyscape.com/compare/he8zvvn3dt/2
13,2026-09-10T17:09:18.774269,OCCDISPROLUG2026,67862c6615025739a807cb1ea37ad285591a56fc9039c31c62e5e1eae9b60aba,https://www.agenziagiornalisticaopinione.it/opinionmix/istat-occupati-e-disoccupati-dati-provvisori-luglio-2026/,ISTAT * «OCCUPATI E DISOCCUPATI (DATI PROVVISORI)- LUGLIO 2026» - Agenzia giornalistica Opinione. Notizie da Italia - Mondo / Trentino Alto Adige,43,,,"... La diminuzione degli inattivi tra i 15 e i 64 anni (-0,1%, pari a -17mila unità) riguarda soltanto gli uomini e i 35-49enni; nelle altre classi d'età il numero di inattivi è in crescita e tra le donne è sostanzialmente stabile.",https://eview.copyscape.com/compare/he8zvvn3dt/3
14,2026-09-10T17:09:18.774269,OCCDISPROLUG2026,67862c6615025739a807cb1ea37ad285591a56fc9039c31c62e5e1eae9b60aba,https://www.gazzettadinapoli.it/economia-2/lavoro-istat-occupazione-stabile-a-luglio/,"Istat, lavoro, calano disoccupati ed inattivi",43,,,"... La diminuzione degli inattivi tra i 15 e i 64 anni (-0,1%, pari a -17mila unità) riguarda soltanto gli uomini e i 35-49enni; nelle altre classi d'età il numero di inattivi è in crescita e tra le donne è sostanzialmente stabile.",https://eview.copyscape.com/compare/he8zvvn3dt/4
15,2026-09-10T17:09:18.774269,OCCDISPROLUG2026,67862c6615025739a807cb1ea37ad285591a56fc9039c31c62e5e1eae9b60aba,https://giornaledellepmi.it/occupati-invariati-a-luglio-scendono-disoccupati-e-inattivi-tasso-di-disoccupazione-al-58/,"Occupati invariati a luglio, scendono disoccupati e inattivi: tasso di disoccupazione al 5,8% - Il Giornale delle PMI",37,,,"... A luglio 2026, su base mensile, il numero degli occupati rimane stabile e si associa alla diminuzione dei disoccupati e degli inattivi. La stabilità degli occupati è sintesi dell'aumento tra gli uomini, i dipendenti permanenti, gli autonomi ",https://eview.copyscape.com/compare/he8zvvn3dt/5
16,2026-09-10T17:09:18.774269,OCCDISPROLUG2026,67862c6615025739a807cb1ea37ad285591a56fc9039c31c62e5e1eae9b60aba,https://www.agi.it/agiprima/lavoro-istat-a-luglio-occupati-stabili-su-anno-mila-agi:sur:38812827/,"Lavoro: Istat, a luglio occupati stabili, su anno +307mila - AGI",36,,,"... AGI) - Roma, 1 set. - A luglio 2026, su base mensile, il numero degli occupati rimane stabile e si associa alla diminuzione dei disoccupati ... 49enni, invece, gli occupati diminuiscono. Su base annua il tasso di occupazione aumenta di 0,8 punti. (AGI). ADV. ---- ILA | © 2026 agi. ADV. I ",https://eview.copyscape.com/compare/he8zvvn3dt/6
17,2026-09-10T17:09:18.774269,OCCDISPROLUG2026,67862c6615025739a807cb1ea37ad285591a56fc9039c31c62e5e1eae9b60aba,https://www.agenzianova.com/news/a-luglio-occupazione-stabile-al-632-per-cento-la-disoccupazione-scende-al-58-per-cento/,"A luglio occupazione stabile al 63,2 per cento, la disoccupazione scende al 5,8 per cento",29,,,"... A luglio 2026 il numero di occupati, ... La crescita dei dipendenti permanenti (16 milioni 583 mila)  e degli autonomi (5 milioni 301 mila)  è compensata dal calo dei dipendenti a termine (2 milioni 486 mila).",https://eview.copyscape.com/compare/he8zvvn3dt/7
18,2026-09-10T17:09:18.774269,OCCDISPROLUG2026,67862c6615025739a807cb1ea37ad285591a56fc9039c31c62e5e1eae9b60aba,https://www.cestim.it/index01dati.php,Dati statistici,28,,,"... Indicatori demografici. Anno 2019, Istat, Statistiche Report, 11 febbraio 2020. ""Positivi ma in rallentamento i flussi migratori netti con l'estero: il saldo è di +143mila, 32mila in meno rispetto al 2018, frutto di 307mila iscrizioni e 164mila cancellazioni.""",https://eview.copyscape.com/compare/he8zvvn3dt/8
19,2026-09-10T17:09:18.774269,OCCDISPROLUG2026,67862c6615025739a807cb1ea37ad285591a56fc9039c31c62e5e1eae9b60aba,https://www.lavorosi.it/istat-occupati-stabili-a-luglio-307mila-disoccupazione-cala-al-58,"Istat: occupati stabili a luglio +307mila. Disoccupazione cala al 5,8% - Lavorosì",25,,,"... La diminuzione degli inattivi tra ... inattivi è in crescita e tra le donne è sostanzialmente stabile. Il tasso di inattività rimane invariato al 32,8%",https://eview.copyscape.com/compare/he8zvvn3dt/9
20,2026-09-10T17:09:18.774269,OCCDISPROLUG2026,67862c6615025739a807cb1ea37ad285591a56fc9039c31c62e5e1eae9b60aba,https://www.dottrinalavoro.it/notizie-c/istat-occupati-e-disoccupati-giugno-2026-2,ISTAT: Occupati e Disoccupati – Luglio 2026 | Dottrina Per il Lavoro,23,,,"... A luglio 2026, su base mensile, il numero degli occupati rimane stabile e si associa alla diminuzione dei disoccupati e degli inattivi. La ",https://eview.copyscape.com/compare/he8zvvn3dt/10
21,2026-09-10T17:09:18.774269,OCCDISPROLUG2026,67862c6615025739a807cb1ea37ad285591a56fc9039c31c62e5e1eae9b60aba,https://www.nuovogiornalenazionale.com/istat-andamento-mercato-del-lavoro-a-luglio-2026-dati-provvisori/,"Istat, andamento mercato del lavoro a luglio 2026 - dati provvisori",23,,,"... A luglio 2026, su base mensile, il numero degli occupati rimane stabile e si associa alla diminuzione dei disoccupati e degli inattivi. La ",https://eview.copyscape.com/compare/he8zvvn3dt/11
22,2026-09-10T17:09:18.774269,OCCDISPROLUG2026,67862c6615025739a807cb1ea37ad285591a56fc9039c31c62e5e1eae9b60aba,https://www.mysolution.it/lavoro/informazioni/news/2026/09/02/pubblicata-dallistat-la-nota-metodologica-di-occupati-e-disoccupati-di-luglio-2026/,Pubblicata la nota metodologica di occupati e disoccupati di luglio ...,22,,,"... In tale periodo, su base mensile, il numero degli occupati rimane stabile e si associa alla diminuzione dei disoccupati e degli inattivi. La stabilità degli ",https://eview.copyscape.com/compare/he8zvvn3dt/12
23,2026-09-10T17:09:18.774269,OCCDISPROLUG2026,67862c6615025739a807cb1ea37ad285591a56fc9039c31c62e5e1eae9b60aba,https://www.ilfattonisseno.it/2026/09/istat-a-luglio-2mila-occupati-su-mese-307mila-su-anno/,"Istat , a luglio, +2mila occupati su mese, +307mila su anno",22,,,"... Tra i 15-24enni ei  35-49enni, invece, gli occupati diminuiscono. Su base annua il tasso di occupazione aumenta di 0,8 punti. Parallelamente ",https://eview.copyscape.com/compare/he8zvvn3dt/13
24,2026-09-10T17:09:18.774269,OCCDISPROLUG2026,67862c6615025739a807cb1ea37ad285591a56fc9039c31c62e5e1eae9b60aba,https://www.ore12.net/lavoro-istat-tasso-disoccupazione-cala-al-58-a-luglio-giovanile-sale-al-189/,"Lavoro: Istat, tasso disoccupazione cala al 5,8% a luglio, giovanile ...",22,,,"... 49enni, invece, gli occupati diminuiscono. Su base annua il tasso di occupazione aumenta di 0,8 punti. Rispetto a luglio 2025, diminuisce ",https://eview.copyscape.com/compare/he8zvvn3dt/14
25,2026-09-10T17:09:18.774269,OCCDISPROLUG2026,67862c6615025739a807cb1ea37ad285591a56fc9039c31c62e5e1eae9b60aba,https://www.ilsole24ore.com/art/lavoro-istat-tasso-disoccupazione-sale-53percento-giugno-AJDFr9Z,"occupati stabili a giugno, balzo dei disoccupati (+97mila), ma calano ...",22,,,"... A giugno 2026, su base mensile, il numero degli occupati risulta  stabile e si associa alla crescita  dei disoccupati e alla diminuzione degli inattivi. Lo comunica l'Istat che sottolinea come rispetto all'anno precedente ci siano 131 mila ... 49enni, invece, gli occupati diminuiscono). Le persone in cerca di lavoro diminuiscono di 54mila unità così come gli inattivi che calano di ",https://eview.copyscape.com/compare/he8zvvn3dt/15
26,2026-09-10T17:09:18.774269,OCCDISPROLUG2026,67862c6615025739a807cb1ea37ad285591a56fc9039c31c62e5e1eae9b60aba,https://formatresearch.com/2026/07/30/occupati-e-disoccupati-istat-giugno-2026-dati-provvisori/,Occupati e disoccupati | ISTAT - Giugno 2026 (dati provvisori),18,,,"... 49enni, invece, gli occupati diminuiscono. Su base annua il tasso di occupazione aumenta di 0,3  punti. Rispetto a giugno 2025, diminuisce ",https://eview.copyscape.com/compare/he8zvvn3dt/16
27,2026-09-10T17:09:18.774269,OCCDISPROLUG2026,67862c6615025739a807cb1ea37ad285591a56fc9039c31c62e5e1eae9b60aba,https://www.gazzettadisalerno.it/lavoro-istat-occupazione-stabile-a-giugno/,"Lavoro, Istat, occupazione stabile a giugno - Gazzetta di Salerno",18,,,"... 49enni, invece, gli occupati diminuiscono. Su base annua il tasso di occupazione aumenta di 0,3  punti. Rispetto a giugno 2025, diminuisce ",https://eview.copyscape.com/compare/he8zvvn3dt/17
28,2026-09-10T17:09:18.774269,OCCDISPROLUG2026,67862c6615025739a807cb1ea37ad285591a56fc9039c31c62e5e1eae9b60aba,https://www.ilgiornale.it/news/interni/lavoro-record-di-occupati-13-milioni-in-4-anni-i-dati-istat/,"Lavoro, record di occupati: +1,3 milioni in 4 anni. I dati Istat – il Giornale",18,,,"... A luglio 2026 il numero di occupati, pari a 24 milioni 370mila, è stabile rispetto al mese precedente”. A certificarlo è l'Istat che registra anche una crescita del +1,3% del numero di occupati rispetto a un anno fa, pari a un aumento ",https://eview.copyscape.com/compare/he8zvvn3dt/18
29,2026-09-10T17:09:18.774269,OCCDISPROLUG2026,67862c6615025739a807cb1ea37ad285591a56fc9039c31c62e5e1eae9b60aba,https://www.italpress.com/a-luglio-la-disoccupazione-cala-al-58-stabile-il-numero-degli-occupati/,"A luglio la disoccupazione cala al 5,8%, stabile il numero degli occupati",18,,,"... ROMA (ITALPRESS) – A luglio 2026 il numero di occupati, pari a 24 milioni 370mila, è stabile rispetto al mese precedente. Lo rileva l'Istat.",https://eview.copyscape.com/compare/he8zvvn3dt/19
30,2026-09-10T17:09:18.774269,OCCDISPROLUG2026,67862c6615025739a807cb1ea37ad285591a56fc9039c31c62e5e1eae9b60aba,https://www.borsaitaliana.it/borsa/notizie/radiocor/prima-pagina/dettaglio/lavoro-istat-a-luglio-tasso-di-disoccupazione-cala-al-58-rco-nRC_01092026_1045_294999049.html,"Lavoro: Istat, a luglio tasso di disoccupazione cala al 5,8% (RCO)",17,,,"... In particolare, spiega l'Istituto, su base mensile, il numero degli occupati rimane stabile e si associa alla diminuzione dei disoccupati e ",https://eview.copyscape.com/compare/he8zvvn3dt/20
31,2026-09-10T17:09:18.774269,OCCDISPROLUG2026,67862c6615025739a807cb1ea37ad285591a56fc9039c31c62e5e1eae9b60aba,https://www.ilsole24ore.com/art/lavoro-istat-luglio-tasso-disoccupazione-cala-58percento-AJUCfI0,"Lavoro: Istat, a luglio tasso di disoccupazione cala al 5,8%",17,,,"... In particolare, spiega l'Istituto, su base mensile, il numero degli occupati rimane stabile e si associa alla diminuzione dei disoccupati e ",https://eview.copyscape.com/compare/he8zvvn3dt/21
32,2026-09-10T17:09:18.774269,OCCDISPROLUG2026,67862c6615025739a807cb1ea37ad285591a56fc9039c31c62e5e1eae9b60aba,https://www.borsaitaliana.it/borsa/notizie/teleborsa/economia/mercato-lavoro-disoccupazione-in-calo-al-58-e-occupati-stabili-a-luglio-55_2026-09-01_TLB.html?lang=it,"Mercato lavoro, disoccupazione in calo al 5,8% e occupati stabili a ...",17,,,"... 49enni, invece, gli occupati diminuiscono. Su base annua il tasso di occupazione aumenta di 0,8 punti. Confrontando il trimestre maggio ",https://eview.copyscape.com/compare/he8zvvn3dt/22
33,2026-09-10T17:09:18.774269,OCCDISPROLUG2026,67862c6615025739a807cb1ea37ad285591a56fc9039c31c62e5e1eae9b60aba,https://finanza.repubblica.it/News/2026/09/01/mercato_lavoro_disoccupazione_in_calo_al_5_8percento_e_occupati_stabili_a_luglio-55/,"Mercato lavoro, disoccupazione in calo al 5,8% e occupati stabili a ...",17,,,"... 49enni, invece, gli occupati diminuiscono. Su base annua il tasso di occupazione aumenta di 0,8 punti. Confrontando il trimestre maggio ",https://eview.copyscape.com/compare/he8zvvn3dt/23
34,2026-09-10T17:09:18.774269,OCCDISPROLUG2026,67862c6615025739a807cb1ea37ad285591a56fc9039c31c62e5e1eae9b60aba,https://www.ilsole24ore.com/art/istat-luglio-occupazione-stabile-scende-disoccupazione-58percento-AJRY5F0,"Istat: a luglio occupazione stabile. Scende la disoccupazione (5,8%) - Il Sole 24 ORE",15,,,"... Un mercato del lavoro sostanzialmente stabile. A luglio il numero di occupati, pari a 24 milioni 370mila, è stabile rispetto al mese precedente.",https://eview.copyscape.com/compare/he8zvvn3dt/24
35,2026-09-10T17:09:20.201503,PRECONPROAGO2026,8d11fceadbbabc2285bab0d8dd52b7f2bdcec2696bee7d9462a2f95e836f90ae,https://www.regione.campania.it/sites/default/assets/asset/documents/istat-prezzi-al-consumo-giugno-2023.pdf,http://www.istat.it Ufficio Stampa tel. +39 06 4673.2243/4,42,,,"... FIGURA 1. INDICE DEI PREZZI AL CONSUMO NIC · Gennaio 2018 – giugno 2023, variazioni percentuali congiunturali e tendenziali (base 2015=100)... L'indice nazionale si ottiene nel modo seguente: si aggregano tra loro gli indici provinciali di aggregato di prodotto per costruire l'indice regionale di aggregato di · prodotto; per quanto riguarda i beni alimentari (esclusi i prodotti freschi) e per la cura della casa e della persona,...  L'inflazione acquisita per il 2023 è stabile a +5,6%  per l'indice generale, mentre sale a +4, 9% per la ...  In base alle stime preliminari, l'indice armonizzato dei prezzi al consumo (IPCA) aumenta dello  0,1% su · base mensile e del 6,7%  su base annua (in netta decelerazione da +8,0% di maggio). ",https://eview.copyscape.com/compare/ak4gt3thbe/1
36,2026-09-10T17:09:20.201503,PRECONPROAGO2026,8d11fceadbbabc2285bab0d8dd52b7f2bdcec2696bee7d9462a2f95e836f90ae,https://tg24.sky.it/economia/2026/05/29/inflazione-maggio-istat,"Inflazione, aumento dei prezzi del 3,2% a maggio. I dati Istat",41,,,"... Nel mese di maggio l'""inflazione ... La variazione congiunturale dell'indice generale riflette soprattutto l'aumento dei prezzi dei Servizi ricreativi, culturali e per la cura ... preliminari, l'indice armonizzato dei prezzi al consumo (Ipca) registra una variazione pari a +0,4%  su base mensile ... e a +3,3%  su base annua (da +2,8%  del mese precedente).",https://eview.copyscape.com/compare/ak4gt3thbe/2
37,2026-09-10T17:09:20.201503,PRECONPROAGO2026,8d11fceadbbabc2285bab0d8dd52b7f2bdcec2696bee7d9462a2f95e836f90ae,https://news.avvocatoandreani.it/articoli/pubblicato-indice-istat-maggio-2026-108741.html,Pubblicato l'indice Istat di maggio 2026 - Avvocato Andreani News,37,,,"... La variazione congiunturale dell'indice generale riflette soprattutto l'aumento dei prezzi dei Servizi ricreativi, culturali e per la cura ... L'indice armonizzato dei prezzi al consumo (IPCA) evidenzia  una variazione pari a +0,3%  su base mensile ... e a +3,2% su base annua (da +2,8%  del mese precedente); la stima preliminare era +3,3%.",https://eview.copyscape.com/compare/ak4gt3thbe/3
38,2026-09-10T17:09:20.201503,PRECONPROAGO2026,8d11fceadbbabc2285bab0d8dd52b7f2bdcec2696bee7d9462a2f95e836f90ae,https://miolegale.it/utilita/ultimo-indice-istat/,"Ultimo indice ISTAT - Indici FOI, NIC e IPCA Luglio 2026",37,,,"... L'indice nazionale dei prezzi al consumo per le famiglie di operai e impiegati (FOI), al netto  dei tabacchi, registra una variazione congiunturale  pari a +0,3% e una tendenziale di +2,8%.... La variazione congiunturale dell'indice generale riflette ... l'aumento dei prezzi degli Energetici regolamentati (+6,5%),  dei Servizi relativi ai trasporti (+1,4%), dei Servizi ricreativi, culturali e per la cura della persona (+0,6%), degli Energetici non regolamentati(+0,5%),  degli Alimentari lavorati e dei Servizi relativi all'abitazione (+0,3% entrambi); tali effetti sono solo parzialmente compensati dalla diminuzione degli Alimentari non lavorati (-1,3%).",https://eview.copyscape.com/compare/ak4gt3thbe/4
39,2026-09-10T17:09:20.201503,PRECONPROAGO2026,8d11fceadbbabc2285bab0d8dd52b7f2bdcec2696bee7d9462a2f95e836f90ae,https://formatresearch.com/2026/09/01/inflazione-al-33-istat-prezzi-al-consumo/,"Inflazione al 3,3% | Istat PREZZI AL CONSUMO - Format Research",36,,,"... L'aumento dell'inflazione riflette principalmente l'andamento dei prezzi degli Energetici, sia non regolamentati (da +11,4% a +16,9%) sia ... La variazione congiunturale dell'indice generale riflette soprattutto l'aumento dei prezzi degli Energetici regolamentati (+3,2%) e non ",https://eview.copyscape.com/compare/ak4gt3thbe/5
40,2026-09-10T17:09:20.201503,PRECONPROAGO2026,8d11fceadbbabc2285bab0d8dd52b7f2bdcec2696bee7d9462a2f95e836f90ae,https://www.regione.vda.it/allegato.aspx?pk=126430,UFFICIO STAMPA tel. +39 06 4673.2243/44 ufficiostampa@istat.it CONTACT CENTRE,36,,,"... tabacchi, registra una variazione del +1,1%  su base mensile e del +2,7%  su base annua (da +1,7% di ... La dinamica dell'inflazione riflette principalmente la netta risalita  dei prezzi degli Energetici ... non · regolamentati (da -2,0% a +9,6%), di quelli regolamentati (da -1,6% a +5,3%) e ... L'indice armonizzato dei prezzi al consumo (IPCA) evidenzia  una variazione pari a +1,6%  su base mensile, · L'indice nazionale dei prezzi al consumo per le famiglie di operai e impiegati (FOI), al netto dei tabacchi, · Aprile 2026, pesi, variazioni percentuali congiunturali e tendenziali ",https://eview.copyscape.com/compare/ak4gt3thbe/6
41,2026-09-10T17:09:20.201503,PRECONPROAGO2026,8d11fceadbbabc2285bab0d8dd52b7f2bdcec2696bee7d9462a2f95e836f90ae,https://www.lacnews24.it/economia-e-lavoro/prezzi-e-bollette-autunno-allinsegna-del-caro-vita-per-gli-italiani-linflazione-torna-a-correre-ex59w0is,"Prezzi e bollette, autunno all’insegna del caro-vita per gli italiani: l’inflazione torna a correre",35,,,"... L'aumento dell'inflazione riflette principalmente l'andamento dei prezzi degli energetici, sia non regolamentati, da +11,4% a +16,9%, sia i  regolamentati, da +14,8% a +18,8%. Di contro, decelerano i prezzi dei servizi ricreativi, culturali ",https://eview.copyscape.com/compare/ak4gt3thbe/7
42,2026-09-10T17:09:20.201503,PRECONPROAGO2026,8d11fceadbbabc2285bab0d8dd52b7f2bdcec2696bee7d9462a2f95e836f90ae,https://formatresearch.com/2026/06/30/inflazione-al-3-istat-prezzi-al-consumo/,Inflazione al 3% | Istat PREZZI AL CONSUMO - Format Research,32,,,"... In base alle stime preliminari, l'indice armonizzato dei prezzi al consumo (IPCA) registra una variazione pari a +0,1% su base mensile ... e a +3,1%  su base annua (da +3,2%  del mese precedente).",https://eview.copyscape.com/compare/ak4gt3thbe/8
43,2026-09-10T17:09:20.201503,PRECONPROAGO2026,8d11fceadbbabc2285bab0d8dd52b7f2bdcec2696bee7d9462a2f95e836f90ae,https://www.rivaluta.it/inflazione-maggio-2026-prezzi-al-consumo-in-aumento/,"Inflazione maggio 2026: prezzi al consumo in aumento del 3,2%",32,,,"... Secondo le stime preliminari diffuse dall'ISTAT,  nel mese di maggio  2026 l'indice nazionale dei prezzi al consumo per l'intera collettività NIC, al lordo dei tabacchi, registra una variazione del +0,4%  su base mensile e del +3,2%  su base annua.",https://eview.copyscape.com/compare/ak4gt3thbe/9
44,2026-09-10T17:09:20.201503,PRECONPROAGO2026,8d11fceadbbabc2285bab0d8dd52b7f2bdcec2696bee7d9462a2f95e836f90ae,https://www.nuovogiornalenazionale.com/istat-prezzi-al-consumo-ad-aprile-2026/,"Istat, prezzi al consumo ad aprile 2026 - Nuovo Giornale Nazionale",28,,,"... Il tasso di inflazione acquisito ... IPCA) registra una variazione pari a +1,7%  su base mensile, per effetto della fine dei saldi stagionali  di cui il NIC non tiene conto, e a +2,9%  su base annua (da +1,6%  del mese precedente).",https://eview.copyscape.com/compare/ak4gt3thbe/10
45,2026-09-10T17:09:20.201503,PRECONPROAGO2026,8d11fceadbbabc2285bab0d8dd52b7f2bdcec2696bee7d9462a2f95e836f90ae,https://puntomagazine.it/wp-content/uploads/2026/02/Istat-Prezzi-al-consumo_Def_Gen2026.pdf,UFFICIO STAMPA tel. +39 06 4673.2243/44 ufficiostampa@istat.it CONTACT CENTRE,23,,,"... FIGURA 1. INDICI DEI PREZZI AL CONSUMO NIC · Gennaio 2021 (base 2015=100 fino a dicembre 2025) - gennaio 2026 (base 2025=100), variazioni percentuali congiunturali e tendenziali · PROSPETTO 1. INDICI DEI PREZZI AL CONSUMO NIC, IPCA E FOI... Nel mese di gennaio l'“inflazione di fondo”, al netto degli energetici e degli alimentari freschi, è pari a +1,7% · L'indice armonizzato dei prezzi al consumo (IPCA) registra una variazione pari a -1,0%  su base mensile, · Abitazione, acqua, elettricità, gas e altri combustibili ... è pari a +1,9%, mentre l'inflazione di fondo si attesta al +1,7%. ",https://eview.copyscape.com/compare/ak4gt3thbe/11
46,2026-09-10T17:09:20.201503,PRECONPROAGO2026,8d11fceadbbabc2285bab0d8dd52b7f2bdcec2696bee7d9462a2f95e836f90ae,https://www.aduc.it/notizia/inflazione+crescita+agosto+istat_143448.php,Inflazione in crescita ad agosto. Istat - ADUC,19,,,"... L'aumento dell'inflazione riflette principalmente l'andamento dei prezzi degli Energetici, sia non regolamentati (da +11,4% a +16,9%) sia ",https://eview.copyscape.com/compare/ak4gt3thbe/12
47,2026-09-10T17:09:20.201503,PRECONPROAGO2026,8d11fceadbbabc2285bab0d8dd52b7f2bdcec2696bee7d9462a2f95e836f90ae,https://sestopotere.com/carovita-e-inflazione-codacons-con-aumento-prezzi-spesa-sale-di-1-091-euro-annui-a-famiglia/,"Carovita e inflazione, Codacons: Con aumento prezzi spesa sale di ...",19,,,"... L'aumento dell'inflazione riflette principalmente l'andamento dei prezzi degli Energetici, sia non regolamentati (da +11,4% a +16,9%) sia ",https://eview.copyscape.com/compare/ak4gt3thbe/13
48,2026-09-10T17:09:20.201503,PRECONPROAGO2026,8d11fceadbbabc2285bab0d8dd52b7f2bdcec2696bee7d9462a2f95e836f90ae,https://www.anfia.it/it/comunicazione/notizie-e-comunicati/comunicati-stampa/mercato-vetture-italia/il-mercato-auto-italiano-si-prende-una-pausa-ad-agosto,IL MERCATO AUTO ITALIANO SI PRENDE UNA PAUSA AD AGOSTO,19,,,"... L'aumento dell'inflazione riflette principalmente l'andamento dei prezzi degli Energetici, sia non regolamentati (da +11,4% a +16,9%) sia ",https://eview.copyscape.com/compare/ak4gt3thbe/14
49,2026-09-10T17:09:20.201503,PRECONPROAGO2026,8d11fceadbbabc2285bab0d8dd52b7f2bdcec2696bee7d9462a2f95e836f90ae,https://www.freshplaza.it/article/9839031/i-prezzi-del-settore-alimentare-fanno-registrare-un-accelerazione/,I prezzi del settore alimentare fanno registrare un'accelerazione,19,,,"... Nel mese di aprile l'inflazione di fondo,  al netto degli energetici e degli alimentari freschi, mostra un rallentamento (da +1,9% a +1,6%), come anche  quella al netto dei soli beni energetici (da +2,1% a +1,9%).",https://eview.copyscape.com/compare/ak4gt3thbe/15
50,2026-09-10T17:09:20.201503,PRECONPROAGO2026,8d11fceadbbabc2285bab0d8dd52b7f2bdcec2696bee7d9462a2f95e836f90ae,https://www.collettiva.it/copertine/economia/carovita-rincari-d9gb7p1p,"Rincari insostenibili, paga chi sta peggio",19,,,"... A questa fotografia del carovita si aggiunge la nuova fiammata dell'inflazione: secondo le stime preliminari dell'Istat ad agosto  l'indice nazionale dei prezzi al consumo registra un incremento dello 0,5 per cento  su base mensile e del  3,3 su base annua, in accelerazione rispetto a luglio (più 2,9 per cento), il dato più alto negli ultimi tre anni. Bisogna infatti risalire a settembre 2023 per avere un tasso di variazione tendenziale più elevato, quando l'inflazione aveva toccato il 5,3 per cento. “Il cosiddetto carrello della spesa ha registrato una crescita marcatamente superiore rispetto all'inflazione generale – spiega Nicolò Giangrande, responsabile ufficio economia Cgil -. Questo significa che non solo i prezzi continuano ad aumentare, ma che l'impatto si sente in maggior misura mentre si fa la spesa di tutti i giorni”.",https://eview.copyscape.com/compare/ak4gt3thbe/16
51,2026-09-10T17:09:20.201503,PRECONPROAGO2026,8d11fceadbbabc2285bab0d8dd52b7f2bdcec2696bee7d9462a2f95e836f90ae,https://www.freshplaza.it/article/9830240/prezzi-al-consumo-accelerazione-degli-alimentari-non-lavorati/,"Prezzi al consumo, accelerazione degli alimentari non lavorati",18,,,"... 2,2%). L'inflazione di fondo, al netto degli energetici e degli alimentari freschi, si riduce (da +2,4% a +1,9%),  così come quella al netto dei soli beni energetici (da +2,5% a +2,1%). Nel ",https://eview.copyscape.com/compare/ak4gt3thbe/17
52,2026-09-10T17:09:20.201503,PRECONPROAGO2026,8d11fceadbbabc2285bab0d8dd52b7f2bdcec2696bee7d9462a2f95e836f90ae,https://osservaprezzi.mise.gov.it/documenti/newsletter/2025/Gennaio_2025.pdf,Ministero delle Imprese e del Made in Italy DIPARTIMENTO MERCATO E TUTELA,18,,,"... ➢ L'Indice nazionale dei prezzi al consumo per l'intera collettività (NIC) al lordo dei tabacchi, a gennaio · 2025, registra, su base tendenziale, una variazione positiva del +1,5% (era +1,3% a dicembre) e una · variazione congiunturale positiva pari a +0,6%. La crescita dell'inflazione ... DOP, con un aumento del 2% su base mensile. A ",https://eview.copyscape.com/compare/ak4gt3thbe/18
53,2026-09-10T17:09:20.201503,PRECONPROAGO2026,8d11fceadbbabc2285bab0d8dd52b7f2bdcec2696bee7d9462a2f95e836f90ae,https://adnverify.adnkronos.com/887b679d64a26f8b254fa3245a2cda4807cf5473ff9f5bff73f640ab0c6a6023/,"Inflazione, stangata ad agosto: +3,3%. Spingono i prezzi dell'energia",17,,,"... La variazione congiunturale dell'indice generale riflette soprattutto l'aumento dei prezzi degli energetici regolamentati (+3,2%) e non ",https://eview.copyscape.com/compare/ak4gt3thbe/19
54,2026-09-10T17:09:20.201503,PRECONPROAGO2026,8d11fceadbbabc2285bab0d8dd52b7f2bdcec2696bee7d9462a2f95e836f90ae,https://news.avvocatoandreani.it/articoli/pubblicato-indice-istat-aprile-2026-108679.html,Pubblicato l'indice Istat di aprile 2026,17,,,"... L'indice armonizzato dei prezzi ... NIC non tiene conto, e a +2,8%  su base annua (da +1,6%  del mese precedente); la stima preliminare era +2,9%",https://eview.copyscape.com/compare/ak4gt3thbe/20
55,2026-09-10T17:09:20.201503,PRECONPROAGO2026,8d11fceadbbabc2285bab0d8dd52b7f2bdcec2696bee7d9462a2f95e836f90ae,https://www.soldionline.it/notizie/macroeconomia/inflazione-italia-2026,Inflazione Italia 2026: il dato preliminare di agosto,16,,,"... L'indice armonizzato dei prezzi al consumo (IPCA) ha registrato un aumento dell'1,6%  su base mensile (per la fine dei saldi stagionali) e una crescita del 2,8%  su base annua (dal +1,6%  del mese precedente); la stima preliminare era +2,9%. ",https://eview.copyscape.com/compare/ak4gt3thbe/21
56,2026-09-10T17:09:20.201503,PRECONPROAGO2026,8d11fceadbbabc2285bab0d8dd52b7f2bdcec2696bee7d9462a2f95e836f90ae,https://www.regione.vda.it/allegato.aspx?pk=5172,4 febbraio 2026 GLI INDICI DEI PREZZI AL CONSUMO,15,,,"... La Legge n. 621/1975 modifica il regio decreto relativamente ai comuni cui spetta l'obbligo di condurre l'indagine · sui prezzi al consumo: “tra i comuni di cui all'art. 1 … devono intendersi compresi tutti i comuni capoluogo di · provincia e quelli con oltre 30.000 abitanti che abbiano un ufficio di statistica idoneo”.... Le rilevazioni di fonte amministrativa per il calcolo dei prezzi al consumo sono diverse. Tra queste rientrano quelle · relative ai Tabacchi i cui dati sono forniti dall'Agenzia delle dogane e dei monopoli (ADM).... di vendita al pubblico dei tabacchi lavorati sono inseriti nelle tabelle di ripartizione, divise per tipologia di prodotti, che evidenziano le singole voci di cui si compone il prezzo, ossia: accisa, IVA, Aggio Quota al fornitore e queste · informazioni sono utilizzate per il calcolo dell'IPCA a Tassazione Costante. Dal 2017 la rilevazione dei prezzi al consumo dei carburanti per autotrazione (specificatamente benzina, gasolio... Ricreazione, sport e cultura (-0,4804) dovuta principalmente a quella dei Servizi ricreativi. La diminuzione del · peso di Informazione e comunicazione (-0,4492) risente soprattutto della riduzione del peso delle Apparecchiature",https://eview.copyscape.com/compare/ak4gt3thbe/22
57,2026-09-10T17:09:20.201503,PRECONPROAGO2026,8d11fceadbbabc2285bab0d8dd52b7f2bdcec2696bee7d9462a2f95e836f90ae,https://www.regione.vda.it/allegato.aspx?pk=121597,Prezzi al consumo,15,,,"... FIGURA 2. INDICI DEI PREZZI AL CONSUMO NIC PER DIVISIONE DI SPESA · Agosto 2025, variazioni percentuali tendenziali (base 2015=100) ... tabacchi, registra un aumento dello 0,1% su base mensile e dell'1,6%  su base annua (da +1,7% del mese ... Ad agosto l'inflazione scende a +1,6%. Nel dettaglio, decelerano i prezzi dei beni (da +0,8% a +0,6%; -0,3%",https://eview.copyscape.com/compare/ak4gt3thbe/23
58,2026-09-10T17:09:20.201503,PRECONPROAGO2026,8d11fceadbbabc2285bab0d8dd52b7f2bdcec2696bee7d9462a2f95e836f90ae,https://www.nuovogiornalenazionale.com/istat-landamento-dei-prezzi-al-consumo-a-luglio-2026/,"Istat, l'andamento dei prezzi al consumo a luglio 2026 - Nuovo Giornale Nazionale",15,,,"... L'indice nazionale dei prezzi al consumo per le famiglie di operai e impiegati (FOI), al netto  dei tabacchi, registra una variazione congiunturale  pari a +0,3% e una tendenziale di +2,8%. A luglio 2026 l'inflazione scende al +2,9% (dal +3,0% ",https://eview.copyscape.com/compare/ak4gt3thbe/24
59,2026-09-10T17:09:21.635927,PRECONPROLUG2026,58ad50152255e17f721af3de8710f32291300deeccf656bcd048a0ceb6a2250e,https://tg24.sky.it/economia/2026/05/29/inflazione-maggio-istat,"Inflazione, aumento dei prezzi del 3,2% a maggio. I dati Istat | Sky TG24",65,,,"... preliminari dell'Istituto di statistica nazionale registra un +0,4% su base mensile e un +3,2%%  su base annua (da +2,7%  del mese precedente), il che fa salire l'Inflazione acquisita per il ... Nel mese di maggio  l'""inflazione di fondo"", al netto degli energetici e degli alimentari freschi, accentua invece il suo ritmo di crescita (da +1,6% a +1,8%), come anche  quella al netto dei soli beni energetici (... da +1,9% a +2,1%). L'inflazione per le componenti di fondo è pari all'1,6%.  In base alle stime preliminari, l'indice armonizzato dei prezzi al consumo (Ipca) registra una variazione pari a +0,4%  su base mensile e a +3,3%  su base annua (da +2,8%  del mese precedente).",https://eview.copyscape.com/compare/dkecgdi27z/1
60,2026-09-10T17:09:21.635927,PRECONPROLUG2026,58ad50152255e17f721af3de8710f32291300deeccf656bcd048a0ceb6a2250e,https://formatresearch.com/2026/06/30/inflazione-al-3-istat-prezzi-al-consumo/,Inflazione al 3% | Istat PREZZI AL CONSUMO - Format Research,62,,,"... Secondo le stime preliminari, nel mese di giugno  2026 l'indice nazionale dei prezzi al consumo per l'intera collettività (NIC), al lordo dei tabacchi, registra una variazione nulla  su base mensile e del +3,0%  su base annua (da +3,2% del ... In base alle stime preliminari, l'indice armonizzato dei prezzi al consumo (IPCA) registra una variazione pari a +0,1%  su base mensile e a +3,1%  su base annua (da +3,2%  del mese precedente).",https://eview.copyscape.com/compare/dkecgdi27z/2
61,2026-09-10T17:09:21.635927,PRECONPROLUG2026,58ad50152255e17f721af3de8710f32291300deeccf656bcd048a0ceb6a2250e,https://en.ilsole24ore.com/radiocor/nRC_31.07.2026_11.14_291,"Inflazione: Istat stima +0,2% a luglio, +2,8% su anno - Il Sole 24 ORE",39,,,"... Nel mese di luglio l'inflazione  di fondo, al netto degli energetici e degli alimentari freschi, resta stabile a +1,6%, mentre quella al ... La variazione congiunturale dell'indice generale riflette l'aumento dei prezzi degli Energetici regolamentati (+6,6%), dei Servizi relativi ",https://eview.copyscape.com/compare/dkecgdi27z/3
62,2026-09-10T17:09:21.635927,PRECONPROLUG2026,58ad50152255e17f721af3de8710f32291300deeccf656bcd048a0ceb6a2250e,https://www.teleborsa.it/News/2026/08/12/italia-inflazione-luglio-rivista-al-rialzo-al-2-9percent-su-anno-51.html,"Italia, inflazione luglio rivista al rialzo al +2,9% su anno | Teleborsa.it",38,,,"... Nel mese di luglio l'inflazione  di fondo, al netto degli energetici e degli alimentari freschi, resta stabile a +1,6%, mentre quella al ... La variazione congiunturale dell'indice generale riflette l'aumento dei prezzi degli Energetici regolamentati (+6,5%),  dei Servizi relativi ",https://eview.copyscape.com/compare/dkecgdi27z/4
63,2026-09-10T17:09:21.635927,PRECONPROLUG2026,58ad50152255e17f721af3de8710f32291300deeccf656bcd048a0ceb6a2250e,https://www.agenziaentrate.gov.it/portale/documents/20143/5270820/AGENZIA+DELLE+ENTRATE-510+UNIT%C3%80+-+QUESTIONARIO+-+24.pdf/1cedc1c6-5311-103a-3c0e-5c7a39d4de22,agenzia delle entrate 510 unità profilo professionale ...,32,,,"... ISTAT - PREZZI AL CONSUMO (... DATI PROVVISORI) - Secondo le stime preliminari, nel mese di novembre 2018  l'indice nazionale dei · prezzi al consumo per l'intera collettività (NIC), al lordo dei tabacchi, registra una diminuzione dello 0,1%  su base mensile e un",https://eview.copyscape.com/compare/dkecgdi27z/5
64,2026-09-10T17:09:21.635927,PRECONPROLUG2026,58ad50152255e17f721af3de8710f32291300deeccf656bcd048a0ceb6a2250e,https://www.publicnow.com/view/D4327E77D3A17AC5D34A84A2394E761739C26FA8,ISTAT - Istituto Nazionale di Statistica (via Public) / Prezzi al consumo – Aprile 2026,32,,,"... L'indice armonizzato dei prezzi al consumo (IPCA) evidenzia  una variazione pari a +1,6%  su base mensile, per effetto della fine dei saldi stagionali  di cui il NIC non tiene conto, e a +2,8%  su base annua (da +1,6%  del mese precedente); la stima preliminare era +2,9%. L'indice nazionale dei ",https://eview.copyscape.com/compare/dkecgdi27z/6
65,2026-09-10T17:09:21.635927,PRECONPROLUG2026,58ad50152255e17f721af3de8710f32291300deeccf656bcd048a0ceb6a2250e,https://miolegale.it/utilita/ultimo-indice-istat/,"Ultimo indice ISTAT - Indici FOI, NIC e IPCA Luglio 2026",31,,,"... La variazione congiunturale ... tali effetti sono solo parzialmente compensati dalla diminuzione degli Alimentari non lavorati (-1,... 3%). L'inflazione acquisita per il 2026 è pari a +2,7% per l'indice generale e ",https://eview.copyscape.com/compare/dkecgdi27z/7
66,2026-09-10T17:09:21.635927,PRECONPROLUG2026,58ad50152255e17f721af3de8710f32291300deeccf656bcd048a0ceb6a2250e,https://issuu.com/edizionipubblicitaitalia/docs/eur_5_2023ip/s/23086934,alimentari delle famiglie italiane - Issuu,29,,,"... Secondo le stime preliminari ISTAT,  nel mese di settembre 2022  l'indice nazionale dei prezzi al consumo per l'intera collettività (NIC), al lordo dei tabacchi, registra un aumento dell'8,9%  su base annua (da +8,4%  del mese precedente).",https://eview.copyscape.com/compare/dkecgdi27z/8
67,2026-09-10T17:09:21.635927,PRECONPROLUG2026,58ad50152255e17f721af3de8710f32291300deeccf656bcd048a0ceb6a2250e,https://www.nuovogiornalenazionale.com/istat-i-prezzi-al-consumo-a-giugno-2026-dati-provvisori/,"Istat, i prezzi al consumo a giugno 2026 - Dati provvisori - Nuovo Giornale Nazionale",28,,,"... In base alle stime preliminari, l'indice armonizzato dei prezzi al consumo (IPCA) registra una variazione pari a +0,1%  su base mensile e a +3,1%  su base annua (da +3,2%  del mese precedente).",https://eview.copyscape.com/compare/dkecgdi27z/9
68,2026-09-10T17:09:21.635927,PRECONPROLUG2026,58ad50152255e17f721af3de8710f32291300deeccf656bcd048a0ceb6a2250e,https://www.ilsole24ore.com/art/francia-giugno-inflazione-frena-all-18percento-anno-AIGOVRwD,"Istat: crescita zero dei prezzi a giugno, inflazione cala al 3% - Il Sole 24 ORE",28,,,"... In base alle stime preliminari, l'indice armonizzato dei prezzi al consumo (IPCA) registra una variazione pari a +0,1%  su base mensile e a +3,1%  su base annua (da +3,2%  del mese precedente).",https://eview.copyscape.com/compare/dkecgdi27z/10
69,2026-09-10T17:09:21.635927,PRECONPROLUG2026,58ad50152255e17f721af3de8710f32291300deeccf656bcd048a0ceb6a2250e,https://www.adnkronos.com/economia/inflazione-carrello-spesa-dati-giugno-2026-istat_1XLZ58PGGFHJnBko1f10hf,"Inflazione rallenta a giugno, frena anche il carrello della spesa: i dati Istat",27,,,"... Il lieve rallentamento dell'inflazione riflette la dinamica dei prezzi degli Alimentari non lavorati (da +5,5% a +4,4%), dei Servizi ricreativi, culturali e per la cura della persona (da +3,0% a +2,7%)  e dei Servizi relativi ai trasporti (da +1,7% a +1,1%);  in accelerazione sono invece i prezzi ... degli Energetici, regolamentati (da +5,6% a +9,2%) e non regolamentati (da +12,5% a +13,3%).",https://eview.copyscape.com/compare/dkecgdi27z/11
70,2026-09-10T17:09:21.635927,PRECONPROLUG2026,58ad50152255e17f721af3de8710f32291300deeccf656bcd048a0ceb6a2250e,https://www.ilsole24ore.com/radiocor/nRC_12.08.2026_10.20_203,"Inflazione: Istat, in luglio +0,3% mensile, +2,9% annuo - Il Sole 24 ORE",26,,,"... degli alimentari freschi, resta stabile a +1,6%, mentre quella al netto dei soli beni energetici rallenta da +1,9% a +1,8%. I prezzi dei ",https://eview.copyscape.com/compare/dkecgdi27z/12
71,2026-09-10T17:09:21.635927,PRECONPROLUG2026,58ad50152255e17f721af3de8710f32291300deeccf656bcd048a0ceb6a2250e,https://www.aranagenzia.it/download/prezzi-al-consumo-ottobre-2024/,Prezzi al consumo – ottobre 2024 | Aran Agenzia,25,,,"... Nel mese di ottobre  l'“inflazione di fondo”, al netto degli energetici e degli alimentari freschi, resta stabile a +1,8% e  quella al netto dei soli beni ",https://eview.copyscape.com/compare/dkecgdi27z/13
72,2026-09-10T17:09:21.635927,PRECONPROLUG2026,58ad50152255e17f721af3de8710f32291300deeccf656bcd048a0ceb6a2250e,https://www.aranagenzia.it/download/prezzi-al-consumo-marzo-2024/,Prezzi al consumo – marzo 2024 | Aran Agenzia,25,,,"... Nel mese di marzo  l'“inflazione di fondo”, al netto degli energetici e degli alimentari freschi, resta stabile a +2,3%,  mentre quella al netto dei soli beni ",https://eview.copyscape.com/compare/dkecgdi27z/14
73,2026-09-10T17:09:21.635927,PRECONPROLUG2026,58ad50152255e17f721af3de8710f32291300deeccf656bcd048a0ceb6a2250e,https://puntomagazine.it/wp-content/uploads/2026/02/Istat-Prezzi-al-consumo_Def_Gen2026.pdf,UFFICIO STAMPA tel. +39 06 4673.2243/44 ufficiostampa@istat.it CONTACT CENTRE,24,,,"... L'indice armonizzato dei prezzi al consumo (IPCA) registra una variazione pari a -1,0% su base mensile, per effetto dell'avvio dei saldi invernali di abbigliamento e calzature (non considerati per l'indice NIC), e a · +1,0%  su base annua (da +1,2%  del mese precedente), confermando la ",https://eview.copyscape.com/compare/dkecgdi27z/15
74,2026-09-10T17:09:21.635927,PRECONPROLUG2026,58ad50152255e17f721af3de8710f32291300deeccf656bcd048a0ceb6a2250e,https://www.soldionline.it/notizie/macroeconomia/inflazione-italia-2025,Inflazione Italia 2025: il dato finale di dicembre,22,,,"... Secondo quanto indicato dall'Istat, la lieve decelerazione dell'inflazione si deve prevalentemente al rallentamento, su base tendenziale, dei prezzi dei Servizi relativi ai trasporti (da +2,0% a +0,9%), degli Alimentari non lavorati ( da +1,9% a +1,1%), degli Alimentari lavorati (da +2,5% a +2,1%), dei Servizi ricreativi, culturali e  per la cura della persona (da +3,3% a +3,0%), a cui si aggiunge l'ampliarsi della flessione  dei prezzi degli Energetici regolamentati (da -0,5% a -3,2%) e  dei Servizi relativi alle comunicazioni (da -0,3% a -0,8%).",https://eview.copyscape.com/compare/dkecgdi27z/16
75,2026-09-10T17:09:21.635927,PRECONPROLUG2026,58ad50152255e17f721af3de8710f32291300deeccf656bcd048a0ceb6a2250e,https://www.ilsole24ore.com/art/istat-l-inflazione-marzo-sale-all-19percento-AHz3l5L,"Istat, l'inflazione di marzo sale all'1,9% - Il Sole 24 ORE",21,,,"... A marzo l'“inflazione di fondo”, al netto degli energetici e degli alimentari freschi, resta stabile (a +1,7%),  mentre quella al netto dei ",https://eview.copyscape.com/compare/dkecgdi27z/17
76,2026-09-10T17:09:21.635927,PRECONPROLUG2026,58ad50152255e17f721af3de8710f32291300deeccf656bcd048a0ceb6a2250e,https://www.nuovogiornalenazionale.com/istat-landamento-dei-prezzi-al-consumo-a-marzo-2026/,"Istat, l'andamento dei prezzi al consumo a marzo 2026 - Nuovo Giornale Nazionale",21,,,"... Gli effetti di questi aumenti sono stati solo in parte compensati dalla diminuzione dei prezzi dei Servizi ricreativi, culturali e per la cura della persona (-1,2%).  L'inflazione acquisita per il 2026 è pari a +1,5%  per l'indice generale ",https://eview.copyscape.com/compare/dkecgdi27z/18
77,2026-09-10T17:09:21.635927,PRECONPROLUG2026,58ad50152255e17f721af3de8710f32291300deeccf656bcd048a0ceb6a2250e,https://osservaprezzi.mise.gov.it/documenti/newsletter/2022/Ottobre_2022.pdf,Ministero delle Imprese e del Made in Italy,21,,,"... Su base congiunturale, si registra, invece, una variazione pari a +3,8%.  Nel mese di ottobre 2022,  l'Indice nazionale dei prezzi al consumo per l'intera collettività (NIC), al lordo · dei tabacchi, aumenta ancora, registrando un incremento dell'11, 8% su base annua (era +8,9%) e del",https://eview.copyscape.com/compare/dkecgdi27z/19
78,2026-09-10T17:09:21.635927,PRECONPROLUG2026,58ad50152255e17f721af3de8710f32291300deeccf656bcd048a0ceb6a2250e,https://www.ansa.it/sito/notizie/economia/2026/07/16/istat-conferma-linflazione-cala-al-3-a-giugno_f85f7e4b-59e7-42a8-a9e1-1517dc5def69.html,"Istat conferma, l'inflazione cala al 3% a giugno - Notizie - Ansa.it",21,,,"... Il lieve rallentamento dell'inflazione riflette la dinamica dei prezzi degli Alimentari non lavorati (da +5,5% a +4,4%), dei Servizi ricreativi, culturali e per la cura della persona (da +3,0% a +2,7%)  e dei Servizi relativi ai trasporti (da ",https://eview.copyscape.com/compare/dkecgdi27z/20
79,2026-09-10T17:09:21.635927,PRECONPROLUG2026,58ad50152255e17f721af3de8710f32291300deeccf656bcd048a0ceb6a2250e,https://www.aranagenzia.it/download/prezzi-al-consumo-marzo-2023/,Prezzi al consumo – marzo 2023 | Aran Agenzia,20,,,"... L'inflazione di fondo, al netto degli energetici e degli alimentari freschi, resta stabile a +6,3%, così come  quella al netto dei soli beni energetici, che si ",https://eview.copyscape.com/compare/dkecgdi27z/21
80,2026-09-10T17:09:21.635927,PRECONPROLUG2026,58ad50152255e17f721af3de8710f32291300deeccf656bcd048a0ceb6a2250e,https://giornaledellepmi.it/nel-mese-di-agosto-linflazione-scende-a-11-da-13-del-mese-precedente/,"Nel mese di agosto, l'inflazione scende a +1,1% da +1,3% del mese ...",19,,,"... Ad agosto, l'“inflazione di fondo”, al netto degli energetici e degli alimentari freschi, resta stabile a +1,9%, come anche  quella al netto ",https://eview.copyscape.com/compare/dkecgdi27z/22
81,2026-09-10T17:09:21.635927,PRECONPROLUG2026,58ad50152255e17f721af3de8710f32291300deeccf656bcd048a0ceb6a2250e,https://www.rivaluta.it/inflazione-stabile-in-italia-a-giugno-2024/,"Inflazione stabile in Italia a Giugno 2024: +0,8% - Rivaluta.it",19,,,"... A giugno l'“inflazione di fondo”, al netto degli energetici e degli alimentari freschi, resta stabile al +2,0%,  mentre quella al netto dei ",https://eview.copyscape.com/compare/dkecgdi27z/23
82,2026-09-10T17:09:21.635927,PRECONPROLUG2026,58ad50152255e17f721af3de8710f32291300deeccf656bcd048a0ceb6a2250e,https://tg24.sky.it/economia/2026/04/01/inflazione-italia-istat-aumenti-spesa,"Istat, in Italia inflazione all'1,7% a marzo, aumentano i prezzi per il carrello della spesa | Sky TG24",18,,,"... Facendo il confronto su base mensile, ... solo in parte compensati dalla diminuzione dei prezzi dei Servizi ricreativi, culturali e per la cura della persona (-1,2%). ... Sempre in base alle stime preliminari dell'Istat, l'indice ",https://eview.copyscape.com/compare/dkecgdi27z/24
83,2026-09-10T17:09:21.635927,PRECONPROLUG2026,58ad50152255e17f721af3de8710f32291300deeccf656bcd048a0ceb6a2250e,https://confindustria.lombardia.it/comunicazione/comunicati-stampa-e-dichiarazioni/analisi-congiunturale-dell2019industria-manifatturiera-in-lombardia-i-trimestre-2022/report-congiuntura-extended_10maggio.pdf,unioncamerelombardia Funzione Informazione Economica Unioncamere Lombardia,18,,,"... tabacchi, aumenta dell'1% su base mensile (del +6,5% su base annua, da +5,7% del mese precedente). L'inflazione · acquisita per il 2022  è pari a +5,2% (+1,5%  per la componente di fondo), ... l'indice armonizzato dei prezzi al consumo",https://eview.copyscape.com/compare/dkecgdi27z/25
84,2026-09-10T17:09:21.635927,PRECONPROLUG2026,58ad50152255e17f721af3de8710f32291300deeccf656bcd048a0ceb6a2250e,https://www.ilsole24ore.com/radiocor/nRC_29.05.2026_11.23_287,"Inflazione: Istat stima +0,4% a maggio, +3,2% su anno - Il Sole 24 ORE",17,,,"... La variazione congiunturale dell'indice generale riflette soprattutto  l'aumento dei prezzi ... dei Servizi ricreativi, culturali e per la cura ",https://eview.copyscape.com/compare/dkecgdi27z/26
85,2026-09-10T17:09:21.635927,PRECONPROLUG2026,58ad50152255e17f721af3de8710f32291300deeccf656bcd048a0ceb6a2250e,https://teleborsa.ansa.it/notiziario/economia/istat-a-maggio-linflazione-accelera-al-32-spingono-ancora-i-prezzi-dellenergia/,"Istat, a maggio l'inflazione accelera al 3,2%. Spingono ancora i ...",17,,,"... La variazione congiunturale dell'indice generale riflette soprattutto  l'aumento dei prezzi ... dei Servizi ricreativi, culturali e per la cura ",https://eview.copyscape.com/compare/dkecgdi27z/27
86,2026-09-10T17:09:21.635927,PRECONPROLUG2026,58ad50152255e17f721af3de8710f32291300deeccf656bcd048a0ceb6a2250e,https://www.ilsole24ore.com/radiocor/nRC_16.06.2026_10.14_226,"Inflazione: Istat conferma, +0,4% a maggio, +3,2% su anno -2",17,,,"... La variazione congiunturale dell'indice generale riflette soprattutto  l'aumento dei prezzi ... dei Servizi ricreativi, culturali e per la cura ",https://eview.copyscape.com/compare/dkecgdi27z/28
87,2026-09-10T17:09:21.635927,PRECONPROLUG2026,58ad50152255e17f721af3de8710f32291300deeccf656bcd048a0ceb6a2250e,https://lamilano.it/dai-media/inflazione-rallenta-istat-a-giugno-al-3-carrello-della-spesa-all13/,"Inflazione rallenta, Istat: ""A giugno al 3%"". Carrello della spesa all'1,3%",17,,,"... L'istituto riferisce che l'indice nazionale dei prezzi al consumo per l'intera collettività (NIC), al lordo dei tabacchi, registra una variazione congiunturale nulla e un aumento annuo del 3% (da +3,2% di maggio).",https://eview.copyscape.com/compare/dkecgdi27z/29
88,2026-09-10T17:09:21.635927,PRECONPROLUG2026,58ad50152255e17f721af3de8710f32291300deeccf656bcd048a0ceb6a2250e,https://tg24.sky.it/economia/2024/11/15/inflazione-ottobre-crescita-istat,"Inflazione, a ottobre crescita dello 0,9% su base mensile - Sky TG24",16,,,"... Per favore riprova più tardi. A ottobre l'“inflazione di fondo”, al netto degli energetici e degli alimentari freschi, resta stabile a +1,8 ",https://eview.copyscape.com/compare/dkecgdi27z/30
89,2026-09-10T17:09:21.635927,PRECONPROLUG2026,58ad50152255e17f721af3de8710f32291300deeccf656bcd048a0ceb6a2250e,https://www.ore12.net/inflazione-costa-meno-il-carrello-della-spesa-prezzi-in-calo-dello-03/,"Inflazione: costa meno il 'carrello della spesa', prezzi in calo dello 0 ...",16,,,"... La variazione congiunturale dell'indice generale riflette l'aumento dei prezzi degli energetici regolamentati (+6,5%),  dei servizi relativi ",https://eview.copyscape.com/compare/dkecgdi27z/31
90,2026-09-10T17:09:23.068743,PRECONLUG2026,de92146a6756fc6136774446e4bcca388602e1a2d6c6dd958c2884738dd513d1,https://www.giornaledellepmi.it/inflazione-a-27-ad-aprile-impennata-di-luce-e-gas-96-rallenta-il-carrello-della-spesa/,"Inflazione a +2,7% ad aprile, impennata di luce e gas (+9,6%). Rallenta il carrello della spesa - Il Giornale delle PMI",64,,,"... L'indice armonizzato dei prezzi al consumo (IPCA) evidenzia  una variazione pari a +1,6%  su base mensile, per effetto della fine dei saldi stagionali  di cui il NIC non tiene conto, e a +2,8%  su base annua (da +1,6%  del mese precedente); ... la stima preliminare era +2,9%.  L'indice nazionale dei prezzi al consumo per le famiglie di operai e impiegati (FOI), al netto dei tabacchi, registra una variazione congiunturale pari a +1,0%  e una tendenziale di +2,6%.",https://eview.copyscape.com/compare/t9j35fsitl/1
91,2026-09-10T17:09:23.068743,PRECONLUG2026,de92146a6756fc6136774446e4bcca388602e1a2d6c6dd958c2884738dd513d1,https://www.regione.vda.it/allegato.aspx?pk=126430,UFFICIO STAMPA tel. +39 06 4673.2243/44 ufficiostampa@istat.it CONTACT CENTRE,64,,,"... L'indice armonizzato dei prezzi al consumo (IPCA) evidenzia  una variazione pari a +1,6%  su base mensile, per effetto della fine dei saldi stagionali  di cui il NIC non tiene conto, e a +2,8%  su base annua (da +1,6%  del mese precedente); ... la stima preliminare era +2,9%. ... L'indice nazionale dei prezzi al consumo per le famiglie di operai e impiegati (FOI), al netto dei tabacchi, registra una variazione congiunturale pari a +1,0%  e una tendenziale di +2,6%.",https://eview.copyscape.com/compare/t9j35fsitl/2
92,2026-09-10T17:09:23.068743,PRECONLUG2026,de92146a6756fc6136774446e4bcca388602e1a2d6c6dd958c2884738dd513d1,https://miolegale.it/utilita/ultimo-indice-istat/,"Ultimo indice ISTAT - Indici FOI, NIC e IPCA Luglio 2026",55,,,"... Nel mese di luglio 2026 l'indice ... NIC), al lordo dei tabacchi, registra una variazione del +0,3% su base mensile e del +2,9% su base annua (da +3,0% di giugno); la stima preliminare era 2,8%... La variazione congiunturale ... tali effetti sono solo parzialmente compensati dalla diminuzione degli Alimentari non lavorati (-1,3%)",https://eview.copyscape.com/compare/t9j35fsitl/3
93,2026-09-10T17:09:23.068743,PRECONLUG2026,de92146a6756fc6136774446e4bcca388602e1a2d6c6dd958c2884738dd513d1,https://www.giornaledellepmi.it/inflazione-a-luglio-rallenta-al-29-carrello-della-spesa-a-1-ma-luce-e-gas-corrono-148/,"Inflazione, a luglio rallenta al 2,9%: carrello della spesa a +1%, ma luce e gas corrono (+14,8%) - Il Giornale delle PMI",45,,,"... L'indice armonizzato dei prezzi al consumo (IPCA) registra una variazione pari a -1,0% su base mensile, a causa dei saldi estivi di cui il NIC non tiene conto, e a +2,9% su base annua (da +3,0% del mese precedente), confermando la stima ",https://eview.copyscape.com/compare/t9j35fsitl/4
94,2026-09-10T17:09:23.068743,PRECONLUG2026,de92146a6756fc6136774446e4bcca388602e1a2d6c6dd958c2884738dd513d1,https://www.adn24.it/blog/2026/08/12/a-luglio-inflazione-al-29-su-base-annua-frena-il-carrello-della-spesa-i-dati-istat/,"A luglio inflazione al 2,9% su base annua, frena il “carrello della spesa”. I dati Istat",45,,,"... L'indice armonizzato dei prezzi al consumo (IPCA) registra una variazione pari a -1,0% su base mensile, a causa dei saldi estivi di cui il NIC non tiene conto, e a +2,9% su base annua (da +3,0% del mese precedente), confermando la stima ",https://eview.copyscape.com/compare/t9j35fsitl/5
95,2026-09-10T17:09:23.068743,PRECONLUG2026,de92146a6756fc6136774446e4bcca388602e1a2d6c6dd958c2884738dd513d1,https://www.blog.it/inflazione-luglio-al-29-annuo-rallenta-la-crescita-del-carrello-della-spesa/,"Inflazione luglio al 2,9% annuo, rallenta la crescita del carrello della spesa - Blog.it - Notizie, Lifestyle, Gossip, Viaggi, Tech e molto altro",45,,,"... L'indice armonizzato dei prezzi al consumo (IPCA) registra una variazione pari a -1,0% su base mensile, a causa dei saldi estivi di cui il NIC non tiene conto, e a +2,9% su base annua (da +3,0% del mese precedente), confermando la stima ",https://eview.copyscape.com/compare/t9j35fsitl/6
96,2026-09-10T17:09:23.068743,PRECONLUG2026,de92146a6756fc6136774446e4bcca388602e1a2d6c6dd958c2884738dd513d1,https://news.avvocatoandreani.it/articoli/pubblicato-indice-istat-luglio-2026-108827.html,Pubblicato l'indice Istat di luglio 2026,42,,,"... Il lieve rallentamento dell'inflazione riflette la dinamica dei prezzi degli Energetici non regolamentati (da +13,3% a +11,4%), degli Alimentari non lavorati (da +4,4% a +3,6%) e dei Servizi vari (da +2,5% a +1,8%); in accelerazione sono, ",https://eview.copyscape.com/compare/t9j35fsitl/7
97,2026-09-10T17:09:23.068743,PRECONLUG2026,de92146a6756fc6136774446e4bcca388602e1a2d6c6dd958c2884738dd513d1,https://www.teleborsa.it/News/2026/08/12/italia-inflazione-luglio-rivista-al-rialzo-al-2-9percent-su-anno-51.html,"Italia, inflazione luglio rivista al rialzo al +2,9% su anno | Teleborsa.it",39,,,"... Nel mese di luglio l'inflazione  di fondo, al netto degli energetici e degli alimentari freschi, resta stabile a +1,6%, mentre quella al ... La variazione congiunturale dell'indice generale riflette l'aumento dei prezzi degli Energetici regolamentati (+6,5%), dei Servizi relativi ",https://eview.copyscape.com/compare/t9j35fsitl/8
98,2026-09-10T17:09:23.068743,PRECONLUG2026,de92146a6756fc6136774446e4bcca388602e1a2d6c6dd958c2884738dd513d1,https://en.ilsole24ore.com/radiocor/nRC_31.07.2026_11.14_291,"Inflazione: Istat stima +0,2% a luglio, +2,8% su anno - Il Sole 24 ORE",38,,,"... Nel mese di luglio l'inflazione  di fondo, al netto degli energetici e degli alimentari freschi, resta stabile a +1,6%, mentre quella al ... La variazione congiunturale dell'indice generale riflette l'aumento dei prezzi degli Energetici regolamentati (+6,6%),  dei Servizi relativi ",https://eview.copyscape.com/compare/t9j35fsitl/9
99,2026-09-10T17:09:23.068743,PRECONLUG2026,de92146a6756fc6136774446e4bcca388602e1a2d6c6dd958c2884738dd513d1,https://www.italpress.com/a-luglio-inflazione-al-29-su-base-annua-frena-il-carrello-della-spesa-i-dati-istat/,"A luglio inflazione al 2,9% su base annua, frena il ""carrello della spesa"". I dati Istat",37,,,"... riflette la dinamica dei prezzi degli energetici non regolamentati (da +13,3% a +11,4%), degli alimentari non lavorati (da +4,4% a +3,6%) e dei servizi vari (da +2,5% a +1,8%); in accelerazione ",https://eview.copyscape.com/compare/t9j35fsitl/10
100,2026-09-10T17:09:23.068743,PRECONLUG2026,de92146a6756fc6136774446e4bcca388602e1a2d6c6dd958c2884738dd513d1,https://www.ilsole24ore.com/radiocor/nRC_12.08.2026_10.20_203,"Inflazione: Istat, in luglio +0,3% mensile, +2,9% annuo - Il Sole 24 ORE",26,,,"... degli alimentari freschi, resta stabile a +1,6%, mentre quella al netto dei soli beni energetici rallenta da +1,9% a +1,8%. I prezzi dei ",https://eview.copyscape.com/compare/t9j35fsitl/11
101,2026-09-10T17:09:23.068743,PRECONLUG2026,de92146a6756fc6136774446e4bcca388602e1a2d6c6dd958c2884738dd513d1,https://www.aranagenzia.it/download/prezzi-al-consumo-ottobre-2024/,Prezzi al consumo – ottobre 2024 | Aran Agenzia,25,,,"... Nel mese di ottobre  l'“inflazione di fondo”, al netto degli energetici e degli alimentari freschi, resta stabile a +1,8% e  quella al netto dei soli beni ",https://eview.copyscape.com/compare/t9j35fsitl/12
102,2026-09-10T17:09:23.068743,PRECONLUG2026,de92146a6756fc6136774446e4bcca388602e1a2d6c6dd958c2884738dd513d1,https://www.aranagenzia.it/download/prezzi-al-consumo-marzo-2024/,Prezzi al consumo – marzo 2024 | Aran Agenzia,25,,,"... Nel mese di marzo  l'“inflazione di fondo”, al netto degli energetici e degli alimentari freschi, resta stabile a +2,3%,  mentre quella al netto dei soli beni ",https://eview.copyscape.com/compare/t9j35fsitl/13
103,2026-09-10T17:09:23.068743,PRECONLUG2026,de92146a6756fc6136774446e4bcca388602e1a2d6c6dd958c2884738dd513d1,https://tg24.sky.it/economia/2026/06/30/inflazione-giugno-istat,"Inflazione, calo del 3% a giugno: crescita zero dei prezzi. I dati Istat | Sky TG24",25,,,"... Il lieve rallentamento dell'inflazione riflette la dinamica dei prezzi ... degli Alimentari non lavorati (da +5,5% a +4,5%),  dei Servizi ricreativi, culturali e per la cura della persona (da +3,0% a +2,7%) e dei Servizi relativi ai trasporti (da ",https://eview.copyscape.com/compare/t9j35fsitl/14
104,2026-09-10T17:09:23.068743,PRECONLUG2026,de92146a6756fc6136774446e4bcca388602e1a2d6c6dd958c2884738dd513d1,https://lamilano.it/dai-media/inflazione-rallenta-istat-a-giugno-al-3-carrello-della-spesa-all13/,"Inflazione rallenta, Istat: ""A giugno al 3%"". Carrello della spesa all'1,3%",25,,,"... Il lieve rallentamento dell'inflazione riflette la dinamica dei prezzi ... degli Alimentari non lavorati (da +5,5% a +4,4%),  dei Servizi ricreativi, culturali e per la cura della persona (da +3,0% a +2,7%) e dei Servizi relativi ai trasporti (da ",https://eview.copyscape.com/compare/t9j35fsitl/15
105,2026-09-10T17:09:23.068743,PRECONLUG2026,de92146a6756fc6136774446e4bcca388602e1a2d6c6dd958c2884738dd513d1,https://news.avvocatoandreani.it/articoli/pubblicato-indice-istat-giugno-2026-108801.html,Pubblicato l'indice Istat di giugno 2026,24,,,"... L'indice armonizzato dei prezzi al consumo (IPCA) registra una variazione nulla  su base mensile e una variazione pari al +3,0%  su base annua (da +3,2%  del mese precedente); ... la stima preliminare era +3,1%.",https://eview.copyscape.com/compare/t9j35fsitl/16
106,2026-09-10T17:09:23.068743,PRECONLUG2026,de92146a6756fc6136774446e4bcca388602e1a2d6c6dd958c2884738dd513d1,https://formatresearch.com/2026/06/30/inflazione-al-3-istat-prezzi-al-consumo/,Inflazione al 3% | Istat PREZZI AL CONSUMO - Format Research,23,,,"... In base alle stime preliminari, l'indice armonizzato dei prezzi al consumo (IPCA) registra una variazione pari a +0,1%  su base mensile e a +3,1%  su base annua (da +3,2%  del mese precedente).",https://eview.copyscape.com/compare/t9j35fsitl/17
107,2026-09-10T17:09:23.068743,PRECONLUG2026,de92146a6756fc6136774446e4bcca388602e1a2d6c6dd958c2884738dd513d1,https://www.ilsole24ore.com/art/istat-maggio-2026-l-inflazione-sale-32percento-AIDOIxLD,"Istat, inflazione a maggio sfonda il tetto del 3% su anno, 0,4% su mese - Il Sole 24 ORE",22,,,"... In base alle stime preliminari, l'indice armonizzato dei prezzi al consumo (IPCA) registra una variazione pari a +0,4%  su base mensile e a +3,3%  su base annua (da +2,8%  del mese precedente).",https://eview.copyscape.com/compare/t9j35fsitl/18
108,2026-09-10T17:09:23.068743,PRECONLUG2026,de92146a6756fc6136774446e4bcca388602e1a2d6c6dd958c2884738dd513d1,https://www.ilsole24ore.com/art/istat-l-inflazione-marzo-sale-all-19percento-AHz3l5L,"Istat, l'inflazione di marzo sale all'1,9% - Il Sole 24 ORE",21,,,"... A marzo l'“inflazione di fondo”, al netto degli energetici e degli alimentari freschi, resta stabile (a +1,7%),  mentre quella al netto dei ",https://eview.copyscape.com/compare/t9j35fsitl/19
109,2026-09-10T17:09:23.068743,PRECONLUG2026,de92146a6756fc6136774446e4bcca388602e1a2d6c6dd958c2884738dd513d1,https://news.avvocatoandreani.it/articoli/pubblicato-indice-istat-maggio-2025-108161.html,Pubblicato l'indice Istat di maggio 2025,21,,,"... L'indice armonizzato dei prezzi al consumo (IPCA) a maggio 2025  registra una variazione pari a -0,1%  su base mensile e a +1,7%  su base annua (dal +2,0% registrato nel mese precedente);  la stima preliminare era +1,9%.",https://eview.copyscape.com/compare/t9j35fsitl/20
110,2026-09-10T17:09:23.068743,PRECONLUG2026,de92146a6756fc6136774446e4bcca388602e1a2d6c6dd958c2884738dd513d1,https://www.aranagenzia.it/download/prezzi-al-consumo-marzo-2023/,Prezzi al consumo – marzo 2023 | Aran Agenzia,20,,,"... L'inflazione di fondo, al netto degli energetici e degli alimentari freschi, resta stabile a +6,3%, così come  quella al netto dei soli beni energetici, che si ",https://eview.copyscape.com/compare/t9j35fsitl/21
111,2026-09-10T17:09:23.068743,PRECONLUG2026,de92146a6756fc6136774446e4bcca388602e1a2d6c6dd958c2884738dd513d1,https://giornaledellepmi.it/nel-mese-di-agosto-linflazione-scende-a-11-da-13-del-mese-precedente/,"Nel mese di agosto, l'inflazione scende a +1,1% da +1,3% del mese ...",19,,,"... Ad agosto, l'“inflazione di fondo”, al netto degli energetici e degli alimentari freschi, resta stabile a +1,9%, come anche  quella al netto ",https://eview.copyscape.com/compare/t9j35fsitl/22
112,2026-09-10T17:09:23.068743,PRECONLUG2026,de92146a6756fc6136774446e4bcca388602e1a2d6c6dd958c2884738dd513d1,https://www.rivaluta.it/inflazione-stabile-in-italia-a-giugno-2024/,"Inflazione stabile in Italia a Giugno 2024: +0,8% - Rivaluta.it",19,,,"... A giugno l'“inflazione di fondo”, al netto degli energetici e degli alimentari freschi, resta stabile al +2,0%,  mentre quella al netto dei ",https://eview.copyscape.com/compare/t9j35fsitl/23
113,2026-09-10T17:09:23.068743,PRECONLUG2026,de92146a6756fc6136774446e4bcca388602e1a2d6c6dd958c2884738dd513d1,https://www.ilsole24ore.com/radiocor/nRC_29.05.2026_11.23_287,"Inflazione: Istat stima +0,4% a maggio, +3,2% su anno - Il Sole 24 ORE",17,,,"... La variazione congiunturale dell'indice generale riflette soprattutto  l'aumento dei prezzi ... dei Servizi ricreativi, culturali e per la cura ",https://eview.copyscape.com/compare/t9j35fsitl/24
114,2026-09-10T17:09:23.068743,PRECONLUG2026,de92146a6756fc6136774446e4bcca388602e1a2d6c6dd958c2884738dd513d1,https://teleborsa.ansa.it/notiziario/economia/istat-a-maggio-linflazione-accelera-al-32-spingono-ancora-i-prezzi-dellenergia/,"Istat, a maggio l'inflazione accelera al 3,2%. Spingono ancora i ...",17,,,"... La variazione congiunturale dell'indice generale riflette soprattutto  l'aumento dei prezzi ... dei Servizi ricreativi, culturali e per la cura ",https://eview.copyscape.com/compare/t9j35fsitl/25
115,2026-09-10T17:09:23.068743,PRECONLUG2026,de92146a6756fc6136774446e4bcca388602e1a2d6c6dd958c2884738dd513d1,https://www.ilsole24ore.com/radiocor/nRC_16.06.2026_10.14_226,"Inflazione: Istat conferma, +0,4% a maggio, +3,2% su anno -2",17,,,"... La variazione congiunturale dell'indice generale riflette soprattutto  l'aumento dei prezzi ... dei Servizi ricreativi, culturali e per la cura ",https://eview.copyscape.com/compare/t9j35fsitl/26
116,2026-09-10T17:09:23.068743,PRECONLUG2026,de92146a6756fc6136774446e4bcca388602e1a2d6c6dd958c2884738dd513d1,https://www.ore12.net/inflazione-costa-meno-il-carrello-della-spesa-prezzi-in-calo-dello-03/,"Inflazione: costa meno il 'carrello della spesa', prezzi in calo dello 0 ...",17,,,"... La variazione congiunturale dell'indice generale riflette l'aumento dei prezzi degli energetici regolamentati (+6,5%), dei servizi relativi ",https://eview.copyscape.com/compare/t9j35fsitl/27
117,2026-09-10T17:09:23.068743,PRECONLUG2026,de92146a6756fc6136774446e4bcca388602e1a2d6c6dd958c2884738dd513d1,https://www.vipiu.it/leggi/inflazione-rallenta-istat-a-giugno-al-3-carrello-della-spesa-all13/,"Inflazione rallenta, Istat: ""A giugno al 3%"". Carrello della spesa all'1,3% - ViPiù alias VicenzaPiù - Approfondimenti su Vicenza, Veneto, Italia e Mondo",17,,,"... L'istituto riferisce che l'indice nazionale dei prezzi al consumo per l'intera collettività (NIC), al lordo dei tabacchi, registra una variazione congiunturale nulla e un aumento annuo del 3% (da +3,2% di maggio).",https://eview.copyscape.com/compare/t9j35fsitl/28
118,2026-09-10T17:09:23.068743,PRECONLUG2026,de92146a6756fc6136774446e4bcca388602e1a2d6c6dd958c2884738dd513d1,https://www.to.camcom.it/indici-istat-dei-prezzi,Indici ISTAT dei prezzi | Camera di commercio di Torino,17,,,"... Variazioni nel tempo del livello dei prezzi che si formano nelle transazioni relative ai beni e servizi venduti dalle imprese alle famiglie · L'Istat - Istituto Nazionale di Statistica - www.istat.it - pubblica i numeri indici dei prezzi al consumo per le famiglie di operai e impiegati (già numeri indici del costo della vita), con una cadenza mensile secondo un calendario prestabilito. Il calendario con le date, previste da ISTAT, per la pubblicazione dei comunicati stampa relativi alla rilevazione dei prezzi al consumo sono consultabili al seguente link.... con base 2025 = 100, calcolato al netto dei consumi di tabacco è risultato pari a 103,1 con una variazione  di +2,8% rispetto al mese di luglio 2025 (che ridotta al 75% è pari +2,1%) e di +4,3% rispetto al mese di luglio 2024 (che ridotta al 75% è pari a +3,2%).",https://eview.copyscape.com/compare/t9j35fsitl/29
119,2026-09-10T17:09:23.068743,PRECONLUG2026,de92146a6756fc6136774446e4bcca388602e1a2d6c6dd958c2884738dd513d1,https://statistica.comune.prato.it/it/statistica/tabelle/pagina2497.html,Comune di Prato: Tabelle indici prezzi consumo - Prato conta,17,,,"... A partire dai dati di gennaio 2016, la base di riferimento dell'indice nazionale dei prezzi al consumo per l'intera collettività (NIC), dell'indice  nazionale dei prezzi al consumo per le famiglie di operai e impiegati (FOI) e dell'indice dei prezzi al consumo armonizzato (IPCA) è il 2015 (la precedente era il 2010 per NIC e FOI, 2005 per IPCA). Le variazioni congiunturali e tendenziali di gennaio 2016 per gli indici NIC e FOI, con l'aggiornamento della base di riferimento all'anno 2015 (base precedente 2010=100), sono calcolate utilizzando il coefficiente di raccordo. Per l'indice FOI al netto dei tabacchi il coefficiente di raccordo da base 2010 a base 2015 è 1,071.",https://eview.copyscape.com/compare/t9j35fsitl/30
120,2026-09-10T17:09:23.068743,PRECONLUG2026,de92146a6756fc6136774446e4bcca388602e1a2d6c6dd958c2884738dd513d1,https://tg24.sky.it/economia/2024/11/15/inflazione-ottobre-crescita-istat,"Inflazione, a ottobre crescita dello 0,9% su base mensile - Sky TG24",16,,,"... Per favore riprova più tardi. A ottobre l'“inflazione di fondo”, al netto degli energetici e degli alimentari freschi, resta stabile a +1,8 ",https://eview.copyscape.com/compare/t9j35fsitl/31
121,2026-09-10T17:09:23.068743,PRECONLUG2026,de92146a6756fc6136774446e4bcca388602e1a2d6c6dd958c2884738dd513d1,https://www.ilsole24ore.com/art/inflazione-variazione-nulla-giugno-scende-64percento-aull-anno-AEsTSJsD,"L’inflazione rallenta: variazione nulla a giugno e scende al 6,4% sull’anno - Il Sole 24 ORE",16,,,"... armonizzato dei prezzi al consumo (IPCA) aumenta dello 0,1%  su base mensile e del 6,7%  su base annua (in netta decelerazione da +8,0% di maggio), afferma l'Istat... L'”inflazione di fondo”, ",https://eview.copyscape.com/compare/t9j35fsitl/32
122,2026-09-10T17:09:23.068743,PRECONLUG2026,de92146a6756fc6136774446e4bcca388602e1a2d6c6dd958c2884738dd513d1,https://www.ilfattoquotidiano.it/2026/08/12/inflazione-luglio-prezzi-istat-notizie/8476966/,"Inflazione luglio 2026: prezzi +2,9% secondo Istat, sopra le attese | Il Fatto Quotidiano.it",16,,,"... Resta stabile l'inflazione di fondo, quella calcolata al netto degli energetici e degli alimentari freschi, all'1,6%. Una delle indicazioni più rilevanti riguarda il carrello della spesa, cioè i beni alimentari, quelli  per la cura della casa e della persona.",https://eview.copyscape.com/compare/t9j35fsitl/33
123,2026-09-10T17:09:23.068743,PRECONLUG2026,de92146a6756fc6136774446e4bcca388602e1a2d6c6dd958c2884738dd513d1,https://www.anap.it/notizia/istat-indice-dei-prezzi-al-consumo-per-le-rivalutazioni-monetarie/,Istat: Indice dei prezzi al consumo per le rivalutazioni monetarie - Anap Confartigianato,16,,,"... Per adeguare periodicamente i valori monetari, ad esempio il canone di affitto o l'assegno dovuti al coniuge separato, si utilizza l'indice dei prezzi al consumo per le famiglie di operai e impiegati (FOI) al netto dei tabacchi. Tale indice si pubblica sulla Gazzetta Ufficiale ai sensi dell'art.",https://eview.copyscape.com/compare/t9j35fsitl/34
124,2026-09-10T17:09:23.068743,PRECONLUG2026,de92146a6756fc6136774446e4bcca388602e1a2d6c6dd958c2884738dd513d1,https://static-r.giuffre.it/QUOTIDIANO/CS_Prezzialconsumo_Def_Novembre2025%20pdf.pdf,16 dicembre 2025 http://www.istat.it Contact Centre Ufficio Stampa,15,,,"... A novembre 2025, il tasso tendenziale di variazione dell'indice generale dei prezzi al consumo per l'intera · collettività (NIC) scende a +1,1% (da +1,2% del mese precedente). Sul  lieve rallentamento dell'inflazione pesa... PROSPETTO 1. INDICI DEI PREZZI AL CONSUMO NIC, IPCA E FOI · Novembre 2025, indici e variazioni percentuali congiunturali e tendenziali (base 2015=100) ",https://eview.copyscape.com/compare/t9j35fsitl/35
125,2026-09-10T17:09:25.009273,PROINDGIU2026,65b76e7ddf7b7cca90f2a702f437c4f5e132ef190dee67f00c5cbb2f7972e993,https://www.agrapress.it/2026/08/produzione-industriale-istat-a-giugno-2026-1-rispetto-a-maggio-calo-anche-su-base-tendenziale/,"PRODUZIONE INDUSTRIALE: ISTAT, A GIUGNO 2026 -1% RISPETTO A MAGGIO CALO ANCHE SU BASE TENDENZIALE – AGRA PRESS",72,,,"... che: ""a giugno 2026 si stima che l'indice destagionalizzato della produzione industriale diminuisca dell'1,0% rispetto a maggio. nella media del secondo trimestre si registra una crescita del livello della produzione dello 0,4% rispetto al primo trimestre 2026. l'indice destagionalizzato mensile cresce su base congiunturale solo per l'energia (+0,8%), mentre diminuisce per i beni di consumo (-0,7%), i beni intermedi (-0,9%) e i beni strumentali (-2,1%). al netto ",https://eview.copyscape.com/compare/0rl6y7pytp/1
126,2026-09-10T17:09:25.009273,PROINDGIU2026,65b76e7ddf7b7cca90f2a702f437c4f5e132ef190dee67f00c5cbb2f7972e993,https://www.corrieredelleconomia.it/2026/08/06/listat-fotografa-la-produzione-industriale-italiana/,L’Istat fotografa la produzione industriale italiana - Corriere dell'Economia,61,,,"... La flessione è diffusa ai principali raggruppamenti di industrie, con esclusione dell'energia. Risulta invece positivo l'andamento congiunturale complessivo nella media del secondo trimestre (+0,4%).... Il calo è marcato nei beni di consumo, mentre l'energia e i beni strumentali registrano una crescita moderata. Nel primo semestre dell'anno, la produzione totale al netto degli effetti di calendario registra una crescita tendenziale modesta ",https://eview.copyscape.com/compare/0rl6y7pytp/2
127,2026-09-10T17:09:25.009273,PROINDGIU2026,65b76e7ddf7b7cca90f2a702f437c4f5e132ef190dee67f00c5cbb2f7972e993,https://www.nuovogiornalenazionale.com/istat-landamento-della-produzione-industriale-giugno-2026/,"Istat, l'andamento della produzione industriale giugno 2026",57,,,"... L'indice destagionalizzato della produzione industriale diminuisca dell'1,0% rispetto a maggio ... A giugno l'indice destagionalizzato della produzione industriale registra un calo rispetto a maggio. La flessione è diffusa ai principali raggruppamenti di ... Risulta invece positivo l'andamento congiunturale complessivo nella media del secondo trimestre (+0,4%). Anche in termini tendenziali la produzione, al ... incremento particolarmente sostenuto nella fabbricazione ",https://eview.copyscape.com/compare/0rl6y7pytp/3
128,2026-09-10T17:09:25.009273,PROINDGIU2026,65b76e7ddf7b7cca90f2a702f437c4f5e132ef190dee67f00c5cbb2f7972e993,https://www.ildiariodellavoro.it/industria-istat-a-giugno-produzione-1-su-mese-ma-nella-media-del-secondo-trimestre-04/,"Industria, Istat: a giugno produzione -1% su mese, ma nella media del secondo trimestre +0,4% - Il Diario del Lavoro",51,,,"... La flessione è diffusa ai principali raggruppamenti di industrie, con esclusione dell'energia. Risulta invece positivo l'andamento congiunturale complessivo nella media del secondo trimestre (+0,4%)”.... al netto degli effetti di calendario, è in flessione – aggiunge -.  Il calo è marcato nei beni di consumo, mentre l'energia e i beni strumentali registrano una crescita mode",https://eview.copyscape.com/compare/0rl6y7pytp/4
129,2026-09-10T17:09:25.009273,PROINDGIU2026,65b76e7ddf7b7cca90f2a702f437c4f5e132ef190dee67f00c5cbb2f7972e993,https://formatresearch.com/2026/08/06/diminuzione-della-produzione-industriale-istat-maggio-2026/,Diminuzione della produzione industriale | Istat Maggio 2026 - Format Research,48,,,"... La flessione è diffusa ai principali raggruppamenti di industrie, con esclusione dell'energia. Risulta invece positivo l'andamento congiunturale complessivo nella media del secondo trimestre (+0,... 4%). Anche in termini tendenziali la produzione, al netto degli effetti di calendario, è in flessione. Il calo è marcato nei beni di consumo, ",https://eview.copyscape.com/compare/0rl6y7pytp/5
130,2026-09-10T17:09:25.009273,PROINDGIU2026,65b76e7ddf7b7cca90f2a702f437c4f5e132ef190dee67f00c5cbb2f7972e993,https://www.industriaitaliana.it/istat-produzione-industriale-calo-giugno,"Produzione industriale in calo a giugno: ‑1,0% su maggio, +0,4% nel trimestre. L'analisi di Istat - Industria Italiana",48,,,"... La flessione è diffusa ai principali raggruppamenti di industrie, con esclusione dell'energia. Risulta invece positivo l'andamento congiunturale complessivo nella media del secondo trimestre (+0,... 4%). Anche in termini tendenziali la produzione, al netto degli effetti di calendario, è in flessione. Il calo è marcato nei beni di consumo, ",https://eview.copyscape.com/compare/0rl6y7pytp/6
131,2026-09-10T17:09:25.009273,PROINDGIU2026,65b76e7ddf7b7cca90f2a702f437c4f5e132ef190dee67f00c5cbb2f7972e993,https://www.fedaiisf.it/istat-produzione-industriale-prodotti-farmaceutici-giugno-2026-1/,ISTAT. Produzione industriale prodotti farmaceutici. Giugno 2026: +1% | Fedaiisf Federazione delle Associazioni Italiane degli Informatori Scientifici del Farmaco e del Parafarmaco,32,,,"... L'indice destagionalizzato mensile cresce su base congiunturale solo per l'energia (+0,8%), mentre diminuisce per i beni di consumo (-0,7%), i beni intermedi (-0,9%) e i beni strumentali (-2,1%).",https://eview.copyscape.com/compare/0rl6y7pytp/7
132,2026-09-10T17:09:25.009273,PROINDGIU2026,65b76e7ddf7b7cca90f2a702f437c4f5e132ef190dee67f00c5cbb2f7972e993,https://www.italpress.com/a-giugno-produzione-industriale-in-calo-dell1/,A giugno produzione industriale in calo dell'1%,31,,,"... Risulta invece positivo l'andamento ... produzione, al netto degli effetti di calendario, è in flessione”. “Il calo è marcato nei beni di consumo, mentre l'energia e i beni strumentali registrano una crescita mode",https://eview.copyscape.com/compare/0rl6y7pytp/8
133,2026-09-10T17:09:25.009273,PROINDGIU2026,65b76e7ddf7b7cca90f2a702f437c4f5e132ef190dee67f00c5cbb2f7972e993,https://www.confapitreviso.it/news/produzione-industriale-il-secondo-trimestre-dellanno-in-crescita-rispetto-al-primo/,il secondo trimestre dell'anno in crescita rispetto al primo,30,,,"... A giugno – è il commento dell'Istat – l'indice destagionalizzato della produzione industriale registra un calo rispetto a maggio. La ... Risulta invece positivo l'andamento congiunturale complessivo nella media del secondo trimestre (+0,4%). Anche in termini tendenziali la ",https://eview.copyscape.com/compare/0rl6y7pytp/9
134,2026-09-10T17:09:25.009273,PROINDGIU2026,65b76e7ddf7b7cca90f2a702f437c4f5e132ef190dee67f00c5cbb2f7972e993,https://www.jlcnews.it/post/produzione-industriale-luglio-2026,Produzione industriale - Luglio 2026,30,,,"... Nella media del periodo maggio-luglio  si registra una diminuzione  del livello della produzione dello 0,1% rispetto ai tre mesi precedenti.L'indice destagionalizzato mostra a luglio un calo  congiunturale solo per l'energia (-0,9%); viceversa si osservano aumenti  per i beni di consumo (+2,1%),  i beni intermedi (+0,5%)  e i beni strumentali (+0,2%).",https://eview.copyscape.com/compare/0rl6y7pytp/10
135,2026-09-10T17:09:25.009273,PROINDGIU2026,65b76e7ddf7b7cca90f2a702f437c4f5e132ef190dee67f00c5cbb2f7972e993,https://www.ilsole24ore.com/art/istat-luglio-produzione-industriale-07percento-invariata-anno-AJx2pv8,"Produzione (+0,7%) avanti adagio, invariata su anno nonostante la spinta dell’auto - Il Sole 24 ORE",29,,,"... L'indice destagionalizzato mostra a luglio un calo congiunturale solo per l'energia (-0,9%); viceversa si osservano aumenti  per i beni di consumo (+2,1%),  i beni intermedi (+0,5%)  e i beni strumentali (+0,2%).... A luglio l'indice destagionalizzato della produzione industriale aumenta dello 0,7% rispetto a giugno.  Al netto degli effetti di calendario, a luglio la produzione è rimasta invariata rispetto all'anno precedente.",https://eview.copyscape.com/compare/0rl6y7pytp/11
136,2026-09-10T17:09:25.009273,PROINDGIU2026,65b76e7ddf7b7cca90f2a702f437c4f5e132ef190dee67f00c5cbb2f7972e993,https://www.ansa.it/sito/notizie/economia/2026/08/06/istat-produzione-industriale-in-calo-dell1-a-giugno-su-anno-06_d26aef6a-89c2-466a-b156-30012c29e5ef.html,"++ Istat, produzione industriale in calo dell'1% a giugno, su anno -0,6% ++ - Notizie - Ansa.it",28,,,"... La flessione mensile è diffusa ai principali raggruppamenti di industrie, con esclusione dell'energia. Su base annua "" il calo è marcato nei beni di consumo, mentre l'energia e i beni strumentali registrano una crescita moderata"", commenta l'Istat.",https://eview.copyscape.com/compare/0rl6y7pytp/12
137,2026-09-10T17:09:25.009273,PROINDGIU2026,65b76e7ddf7b7cca90f2a702f437c4f5e132ef190dee67f00c5cbb2f7972e993,https://www.ore12.net/industria-con-il-freno-a-mano-tirato-produzione-07-giu-i-beni-di-consumo/,"Industria con il freno a mano tirato. Produzione +0,7%. Giù i beni di consumo - Ore12",27,,,"... Nella media del periodo maggio-luglio si registra invece una diminuzione  del livello della produzione dello 0,1% rispetto ai tre mesi precedenti. L'indice destagionalizzato, sottolinea l'istituto di statistica, mostra a luglio un calo  congiunturale solo per l'energia (-0,9%); viceversa si osservano aumenti  per i beni di consumo (+2,1%),  i beni intermedi (+0,5%)  e i beni strumentali (+0,2%)",https://eview.copyscape.com/compare/0rl6y7pytp/13
138,2026-09-10T17:09:25.009273,PROINDGIU2026,65b76e7ddf7b7cca90f2a702f437c4f5e132ef190dee67f00c5cbb2f7972e993,https://www.giornaledellepmi.it/produzione-industriale-battuta-darresto-a-giugno-1-su-maggio/,"Produzione industriale, battuta d’arresto a giugno: -1% su maggio - Il Giornale delle PMI",25,,,"... La flessione è diffusa ai principali raggruppamenti di industrie, con esclusione dell'energia. Risulta invece positivo l'andamento congiunturale complessivo nella media del secondo trimestre (+0,4%).",https://eview.copyscape.com/compare/0rl6y7pytp/14
139,2026-09-10T17:09:25.009273,PROINDGIU2026,65b76e7ddf7b7cca90f2a702f437c4f5e132ef190dee67f00c5cbb2f7972e993,https://www.hashtagsicilia.it/2026/08/09/dati-istati-sulla-produzione-industriale-frenata-a-giugno-2026-1-su-base-mensile-e-06-su-base-annua/,"Dati Istati sulla produzione industriale, frenata a giugno 2026: -1% su base mensile e -0,6% su base annua - hashtagsicilia",25,,,"... La flessione è diffusa ai principali raggruppamenti di industrie, con esclusione dell'energia. Risulta invece positivo l'andamento congiunturale complessivo nella media del secondo trimestre (+0,4%).",https://eview.copyscape.com/compare/0rl6y7pytp/15
140,2026-09-10T17:09:25.009273,PROINDGIU2026,65b76e7ddf7b7cca90f2a702f437c4f5e132ef190dee67f00c5cbb2f7972e993,https://www.primanotizia24.it/articoli/istat-produzione-industriale-in-flessione-a-giugno-1-su-maggio-558998,"Istat: produzione industriale in flessione a giugno, -1% su maggio",18,,,"... Risulta invece positivo l'andamento congiunturale complessivo nella media del secondo trimestre (+0,4%). Anche in termini tendenziali la ",https://eview.copyscape.com/compare/0rl6y7pytp/16
141,2026-09-10T17:09:25.009273,PROINDGIU2026,65b76e7ddf7b7cca90f2a702f437c4f5e132ef190dee67f00c5cbb2f7972e993,https://www.italiaoggi.it/economia-e-politica/economia-e-finanza/produzione-industriale-in-calo-a-giugno-istat-segnala-1-0-vlh2degd,"Produzione industriale in calo a giugno, Istat segnala -1,0% - ItaliaOggi.it",18,,,"... A giugno l'indice destagionalizzato ... dell'energia. Risulta invece positivo l'andamento congiunturale complessivo nella media del secondo trimestre (+0,4%)",https://eview.copyscape.com/compare/0rl6y7pytp/17
142,2026-09-10T17:09:25.009273,PROINDGIU2026,65b76e7ddf7b7cca90f2a702f437c4f5e132ef190dee67f00c5cbb2f7972e993,https://www.fedaiisf.it/istat-produzione-industriale-di-prodotti-farmaceutici-a-luglio-74/,"ISTAT. Produzione industriale di prodotti farmaceutici: a luglio +7,4 | Fedaiisf Federazione delle Associazioni Italiane degli Informatori Scientifici del Farmaco e del Parafarmaco",18,,,"... L'indice destagionalizzato mostra a luglio un calo congiunturale solo per l'energia (-0,9%); viceversa si osservano aumenti  per i beni di consumo (+2,1%),  i beni intermedi (+0,5%)  e i beni strumentali (+0,2%).",https://eview.copyscape.com/compare/0rl6y7pytp/18
143,2026-09-10T17:09:25.009273,PROINDGIU2026,65b76e7ddf7b7cca90f2a702f437c4f5e132ef190dee67f00c5cbb2f7972e993,https://www.soldionline.it/notizie/macroeconomia/produzione-industriale-giu-dell1-a-giugno-cosa-segnala-il-dato-istat,Produzione industriale giù dell’1% a giugno: cosa segnala il dato Istat - SoldiOnline.it,18,,,"... Sul confronto annuo l'Istat osserva che “il calo è marcato nei beni di consumo, mentre l'energia e i beni strumentali registrano una crescita moderata”. In termini economici, per beni di consumo si intendono i prodotti destinati direttamente ",https://eview.copyscape.com/compare/0rl6y7pytp/19
144,2026-09-10T17:09:25.009273,PROINDGIU2026,65b76e7ddf7b7cca90f2a702f437c4f5e132ef190dee67f00c5cbb2f7972e993,https://www.agrapress.it/2026/08/06/,6 Agosto 2026 - agra press,17,,,"... destagionalizzato della produzione industriale diminuisca dell'1,0% rispetto a maggio. nella media del secondo trimestre si registra ",https://eview.copyscape.com/compare/0rl6y7pytp/20
145,2026-09-10T17:09:25.009273,PROINDGIU2026,65b76e7ddf7b7cca90f2a702f437c4f5e132ef190dee67f00c5cbb2f7972e993,https://www.laportadivetro.com/post/settimana-finanziaria-allarme-produzione-industriale-in-calo,"SETTIMANA FINANZIARIA. Allarme, produzione industriale in calo",17,,,"... a cura di Stefano E. Rossi. A giugno 2026 si stima che l'indice destagionalizzato della produzione industriale diminuisca dell'1,0% rispetto a maggio. L'Istat adesso parla così: si stima… ma, chissà!!",https://eview.copyscape.com/compare/0rl6y7pytp/21
146,2026-09-10T17:09:25.009273,PROINDGIU2026,65b76e7ddf7b7cca90f2a702f437c4f5e132ef190dee67f00c5cbb2f7972e993,https://www.fortuneita.com/2026/02/11/istat-nel-2025-la-produzione-industriale-cala-dello-02/,"Istat: nel 2025 la produzione industriale cala dello 0,2% - Fortune Italia",15,,,"... destagionalizzato della produzione industriale diminuisca dello 0,4% rispetto a novembre”, dettaglio che segnala una sofferenza nella fase finale dell'anno, nonostante alcune spinte positive in altri momenti. L'analisi mensile dell'Istat evidenzia però una dinamica divergente fra i segmenti produttivi: “ l'indice destagionalizzato mensile mostra aumenti congiunturali nei comparti dell'energia (+1,2%) e dei beni strumentali (+0,5%); variazioni negative registrano, invece,  i beni intermedi (-0,4%)  e i beni di consumo (-0,9%)”. Queste ",https://eview.copyscape.com/compare/0rl6y7pytp/22
147,2026-09-10T17:09:25.009273,PROINDGIU2026,65b76e7ddf7b7cca90f2a702f437c4f5e132ef190dee67f00c5cbb2f7972e993,https://en.ilsole24ore.com/art/produzione-industriale-calo-dell-12percento-gennaio-34percento-tendenziale-AFBk8a7C,"Produzione industriale -1,2% a gennaio, -3,4% annuo. Si salva solo l’alimentare - Il Sole 24 ORE",15,,,"... L'indice destagionalizzato mensile mostra un aumento  congiunturale solo per l'energia (+2,5%); viceversa, si osservano flessioni  per i beni di consumo (-2,0%) e per  i beni strumentali (-3,6%), mentre i beni intermedi risultano stabili.",https://eview.copyscape.com/compare/0rl6y7pytp/23
