titolo,codice,id_hash,link,testo
Occupati e disoccupati (dati provvisori)- Giugno 2026,OCCDISPROGIU2026,74be3b8beb34752637237ef85d70d850fddfd66b58247b637349562242eec3bf,https://www.istat.it/comunicato-stampa/occupati-e-disoccupati-dati-provvisori-giugno-2026/,"A giugno 2026, su base mensile, il numero degli occupati risulta stabile e si associa alla crescita dei disoccupati e alla diminuzione degli inattivi.
La stabilità degli occupati è sintesi dell’aumento tra gli uomini, i dipendenti a termine, i 25-34enni e chi ha almeno 50 anni, e del calo tra le donne, i dipendenti permanenti, gli autonomi, i 15-24enni e i 35-49enni. Il tasso di occupazione è invariato al 62,9%.
La crescita delle persone in cerca di lavoro (+7,2%, pari a +97mila unità) coinvolge gli uomini, le donne e tutte le classi d’età. Il tasso di disoccupazione sale al 5,7% (+0,4 punti), quello giovanile al 18,4% (+1,5 punti).
La diminuzione degli inattivi tra i 15 e i 64 anni (-0,8%, pari a -103mila unità) riguarda entrambi i sessi e tutte le classi d’età. Il tasso di inattività scende al 33,2% (-0,3 punti).
Confrontando il secondo trimestre 2026 con quello precedente si registra un aumento di 116mila occupati (+0,5%).
Rispetto al trimestre precedente, crescono anche le persone in cerca di lavoro (+0,8%, pari a +11mila unità), mentre diminuiscono gli inattivi di 15-64 anni (-0,9%, pari a -115mila unità).
A giugno 2026, la crescita del numero di occupati rispetto a giugno 2025 (+0,5%, +131mila unità) si osserva tra gli uomini, le donne, i 25-34enni e chi ha almeno 50 anni; tra i 15-24enni e i 35-49enni, invece, gli occupati diminuiscono. Su base annua il tasso di occupazione aumenta di 0,3 punti.
Rispetto a giugno 2025, diminuisce sia il numero di persone in cerca di lavoro (-3,6%, pari a -54mila unità) sia quello degli inattivi tra i 15 e i 64 anni (-0,7%, pari a -92mila unità).
Il commento
A giugno 2026 il numero di occupati, pari a 24 milioni 310mila, è stabile rispetto al mese precedente. La crescita dei dipendenti a termine (2 milioni 542mila) è compensata dal calo dei dipendenti permanenti (16 milioni 491mila) e degli autonomi (5 milioni 277mila).
L’occupazione cresce rispetto a giugno 2025 (+131mila occupati in un anno) per effetto dell’aumento dei dipendenti, permanenti (+98mila) e a termine (+33mila), e della stabilità degli autonomi. Su base mensile il tasso di occupazione rimane al 62,9%, quello di disoccupazione sale al 5,7% e il tasso d’inattività scende al 33,2%."
Prezzi al consumo (dati provvisori) – Luglio 2026,PRECONPROLUG2026,58ad50152255e17f721af3de8710f32291300deeccf656bcd048a0ceb6a2250e,https://www.istat.it/comunicato-stampa/prezzi-al-consumo-dati-provvisori-luglio-2026/,"Secondo le stime preliminari, nel mese di luglio 2026 l’indice nazionale dei prezzi al consumo per l’intera collettività (NIC), al lordo dei tabacchi, registra una variazione pari a +0,2% su base mensile e a +2,8% su base annua (da +3,0% del mese precedente).
Il lieve rallentamento dell’inflazione riflette la dinamica dei prezzi degli Alimentari non lavorati (da +4,4% a +3,8%), degli Energetici non regolamentati (da +13,3% a +10,6%) e dei Servizi vari (da +2,5% a +1,8%); in accelerazione sono, invece, i prezzi degli Alimentari lavorati (da -0,2% a +0,2%), degli Energetici regolamentati (da +9,2% a +14,9%) e dei Servizi relativi ai trasporti (da +1,1% a +1,6%).
Nel mese di luglio l’“inflazione di fondo”, al netto degli energetici e degli alimentari freschi, resta stabile a +1,6%, mentre quella al netto dei soli beni energetici rallenta da +1,9% a +1,8%.
I prezzi dei beni decelerano (da +3,3% a +3,1%), mentre la dinamica di quelli dei servizi resta stabile (+2,6%). Il differenziale tra il comparto dei servizi e quello dei beni passa da -0,7 a -0,5 punti percentuali.
Il tasso di variazione tendenziale dei prezzi dei Beni alimentari, per la cura della casa e della persona si mantiene a +1,3%, mentre quello dei prodotti ad alta frequenza d’acquisto si riduce (da +3,9% a +3,6%).
La variazione congiunturale dell’indice generale riflette l’aumento dei prezzi degli Energetici regolamentati (+6,6%), dei Servizi relativi ai trasporti (+1,4%), degli Alimentari lavorati (+0,7%) e dei Servizi ricreativi, culturali e per la cura della persona (+0,5%); tali effetti sono solo parzialmente compensati dalla diminuzione degli Alimentari non lavorati (-1,1%) e degli Energetici non regolamentati (-0,3%).
L’inflazione acquisita per il 2026 è pari a +2,7% per l’indice generale e a +1,8% per la componente di fondo.
In base alle stime preliminari, l’indice armonizzato dei prezzi al consumo (IPCA) registra una variazione pari a -1,0% su base mensile, a causa dei saldi estivi di cui il NIC non tiene conto, e a +2,9% su base annua (da +3,0% del mese precedente).
Il commento
A luglio 2026 l’inflazione cala al +2,8% (dal +3,0% di giugno), per effetto soprattutto della dinamica dei prezzi degli Alimentari non lavorati e degli Energetici non regolamentati. Di contro, un sostegno all’inflazione è esercitato dai prezzi degli Alimentari lavorati e degli Energetici regolamentati. I prezzi dei beni che compongono il “carrello della spesa” sono stabili su base annua (a +1,3%), così come l’inflazione di fondo (a +1,6%). L’inflazione acquisita a luglio, per il 2026, sale a +2,7%."
Prezzi al consumo – Luglio 2026,PRECONLUG2026,de92146a6756fc6136774446e4bcca388602e1a2d6c6dd958c2884738dd513d1,https://www.istat.it/comunicato-stampa/prezzi-al-consumo-luglio-2026/,"Nel mese di luglio 2026 l’indice nazionale dei prezzi al consumo per l’intera collettività (NIC), al lordo dei tabacchi, registra una variazione del +0,3% su base mensile e del +2,9% su base annua (da +3,0% di giugno); la stima preliminare era 2,8%.
Il lieve rallentamento dell’inflazione riflette la dinamica dei prezzi degli Energetici non regolamentati (da +13,3% a +11,4%), degli Alimentari non lavorati (da +4,4% a +3,6%) e dei Servizi vari (da +2,5% a +1,8%); in accelerazione sono, invece, i prezzi degli Energetici regolamentati (da +9,2% a +14,8%), dei Servizi relativi ai trasporti (da +1,1% a +1,6%) e dei Servizi ricreativi, culturali e per la cura della persona (da +2,7% a +3,0%).
Nel mese di luglio l’“inflazione di fondo”, al netto degli energetici e degli alimentari freschi, resta stabile a +1,6%, mentre quella al netto dei soli beni energetici rallenta da +1,9% a +1,8%.
I prezzi dei beni decelerano (da +3,3% a +3,2%), mentre la dinamica di quelli dei servizi è in lieve accelerazione (da +2,6% a +2,7%). Il differenziale tra il comparto dei servizi e quello dei beni passa da -0,7 a -0,5 punti percentuali.
Il tasso di variazione tendenziale dei prezzi dei Beni alimentari, per la cura della casa e della persona scende (da +1,3% a +1,0%), come quello dei prodotti ad alta frequenza d’acquisto (da +3,9% a +3,4%).
La variazione congiunturale dell’indice generale riflette l’aumento dei prezzi degli Energetici regolamentati (+6,5%), dei Servizi relativi ai trasporti (+1,4%), dei Servizi ricreativi, culturali e per la cura della persona (+0,6%), degli Energetici non regolamentati(+0,5%), degli Alimentari lavorati e dei Servizi relativi all’abitazione (+0,3% entrambi); tali effetti sono solo parzialmente compensati dalla diminuzione degli Alimentari non lavorati (-1,3%).
L’inflazione acquisita per il 2026 è pari a +2,7% per l’indice generale e a +1,8% per la componente di fondo.
L’indice armonizzato dei prezzi al consumo (IPCA) registra una variazione pari a -1,0% su base mensile, a causa dei saldi estivi di cui il NIC non tiene conto, e a +2,9% su base annua (da +3,0% del mese precedente), confermando la stima preliminare.
L’indice nazionale dei prezzi al consumo per le famiglie di operai e impiegati (FOI), al netto dei tabacchi, registra una variazione congiunturale pari a +0,3% e una tendenziale di +2,8%.
Il commento
A luglio 2026 l’inflazione scende al +2,9% (dal +3,0% di giugno), per effetto soprattutto della dinamica dei prezzi degli Alimentari non lavorati e degli Energetici non regolamentati. Di contro, un sostegno all’inflazione è esercitato dai prezzi degli Energetici regolamentati e di alcune tipologie di servizi. I prezzi dei beni che compongono il “carrello della spesa” rallentano su base annua portandosi al +1,0%, mentre l’inflazione di fondo rimane stabile (a +1,6%). L’inflazione acquisita a luglio, per il 2026, sale a +2,7%."
Produzione industriale – Giugno 2026,PROINDGIU2026,65b76e7ddf7b7cca90f2a702f437c4f5e132ef190dee67f00c5cbb2f7972e993,https://www.istat.it/comunicato-stampa/produzione-industriale-giugno-2026/,"A giugno 2026 si stima che l’indice destagionalizzato della produzione industriale diminuisca dell’1,0% rispetto a maggio. Nella media del secondo trimestre si registra una crescita del livello della produzione dello 0,4% rispetto al primo trimestre 2026.
L’indice destagionalizzato mensile cresce su base congiunturale solo per l’energia (+0,8%), mentre diminuisce per i beni di consumo (-0,7%), i beni intermedi (-0,9%) e i beni strumentali (-2,1%).
Al netto degli effetti di calendario, a giugno 2026 l’indice generale diminuisce in termini tendenziali dello 0,6% (i giorni lavorativi di calendario sono stati 21 contro i 20 di giugno 2025). Mostrano un calo i beni consumo (-3,2%) e i beni intermedi (-1,2%). Viceversa, si osserva una crescita tendenziale per i beni strumentali (+0,6%) e, con maggiore intensità, per l’energia (+1,7%).
I settori di attività economica che registrano gli incrementi tendenziali più elevati sono la fabbricazione di computer, prodotti di elettronica e ottica, apparecchi elettromedicali, apparecchi di misurazione e orologi (+4,5%),
la fabbricazione di mezzi di trasporto
(+3,2%) e la fornitura di energia elettrica, gas, vapore ed aria (+2,3%). Le flessioni maggiori si osservano nelle industrie tessili, abbigliamento, pelli e accessori (-7,1%), nelle altre industrie manifatturiere, riparazione e installazione di macchine ed apparecchiature (-3,6%) e nella fabbricazione di macchinari e attrezzature n.c.a. (-2,3%).
Il commento
A giugno l’indice destagionalizzato della produzione industriale registra un calo rispetto a maggio. La flessione è diffusa ai principali raggruppamenti di industrie, con esclusione dell’energia. Risulta invece positivo l’andamento congiunturale complessivo nella media del secondo trimestre (+0,4%).
Anche in termini tendenziali la produzione, al netto degli effetti di calendario, è in flessione. Il calo è marcato nei beni di consumo, mentre l’energia e i beni strumentali registrano una crescita moderata. Nel primo semestre dell’anno, la produzione totale al netto degli effetti di calendario registra una crescita tendenziale modesta (+0,5%), con un incremento particolarmente sostenuto nella fabbricazione di mezzi di trasporto."
